Tehtävä;ID;Arvosana;Aikaleima
L02T1;7002;1;2023-09-17 22:18:48
L02T1;2367;1;2023-09-11 17:28:44
L02T1;8498;1;2023-09-17 16:16:37
L02T1;8777;1;2023-09-11 15:07:18
L02T1;4390;1;2023-09-17 15:14:18
L02T1;4817;1;2023-09-17 18:02:47
L02T1;7734;1;2023-09-13 11:12:18
L02T1;1362;1;2023-09-11 10:22:18
L02T1;9664;1;2023-09-16 12:33:52
L02T1;2040;1;2023-09-11 12:37:33
L02T1;3220;1;2023-09-11 14:18:30
L02T1;7038;1;2023-09-18 00:43:36
L02T1;4592;1;2023-09-13 14:32:59
L02T1;1564;1;2023-09-12 18:20:41
L02T1;7176;1;2023-09-16 15:09:14
L02T1;108;1;2023-09-16 17:47:01
L02T1;2502;1;2023-09-17 18:33:26
L02T1;6098;1;2023-09-11 16:11:59
L02T1;8780;1;2023-09-11 15:36:14
L02T1;4351;1;2023-09-16 17:06:35
L02T1;8624;1;2023-09-11 18:37:09
L02T1;7601;1;2023-09-11 09:27:25
L02T1;8833;1;2023-09-14 14:26:31
L02T1;691;1;2023-09-11 19:16:31
L02T1;6810;1;2023-09-11 10:18:26
L02T1;2054;1;2023-09-11 15:45:35
L02T1;1060;1;2023-09-12 16:51:22
L02T1;7810;1;2023-09-11 17:04:17
L02T1;6547;1;2023-09-14 15:44:02
L02T1;8475;1;2023-09-11 15:35:45
L02T1;3981;1;2023-09-11 16:43:23
L02T1;3628;1;2023-09-11 17:36:22
L02T1;244;1;2023-09-17 01:42:21
L02T1;1395;1;2023-09-11 18:54:34
L02T1;527;1;2023-09-13 16:16:53
L02T1;2390;1;2023-09-11 10:30:46
L02T1;9479;1;2023-09-11 13:16:12
L02T1;3102;1;2023-09-13 09:02:26
L02T1;3597;1;2023-09-13 09:16:17
L02T1;6332;1;2023-09-17 23:48:34
L02T1;6326;1;2023-09-11 14:06:49
L02T1;78;1;2023-09-11 15:21:46
L02T1;2745;1;2023-09-16 13:46:27
L02T1;25;1;2023-09-12 16:51:30
L02T1;166;1;2023-09-13 13:45:13
L02T1;1404;1;2023-09-18 00:28:08
L02T1;5680;1;2023-09-12 18:10:28
L02T1;47;1;2023-09-17 13:55:45
L02T1;2595;1;2023-09-15 18:06:41
L02T1;5266;1;2023-09-12 09:08:28
L02T1;2043;1;2023-09-13 12:07:13
L02T1;708;1;2023-09-11 11:12:02
L02T1;2194;0;2023-09-17 15:56:02
L02T1;971;1;2023-09-17 20:45:15
L02T1;5239;1;2023-09-11 13:40:53
L02T1;665;1;2023-09-17 07:33:57
L02T1;6321;1;2023-09-17 23:40:10
L02T1;415;1;2023-09-12 15:29:19
L02T1;1609;1;2023-09-13 11:18:57
L02T1;6680;1;2023-09-15 13:25:52
L02T1;7296;1;2023-09-14 11:09:31
L02T1;7646;1;2023-09-18 00:05:51
L02T1;1788;1;2023-09-17 21:35:26
L02T1;7254;1;2023-09-12 11:41:31
L02T1;4738;1;2023-09-13 18:17:35
L02T1;7117;1;2023-09-15 22:41:07
L02T1;9113;1;2023-09-12 16:27:41
L02T1;1775;1;2023-09-14 14:17:32
L02T1;8010;1;2023-09-11 21:24:51
L02T1;8849;1;2023-09-18 03:38:00
L02T1;2670;1;2023-09-12 00:53:55
L02T1;2697;1;2023-09-12 15:56:19
L02T1;1131;1;2023-09-11 11:01:30
L02T1;3333;1;2023-09-11 13:56:51
L02T1;9561;1;2023-09-14 18:01:17
L02T1;174;1;2023-09-13 12:14:56
L02T1;6864;1;2023-09-16 09:41:02
L02T1;3407;1;2023-09-11 12:36:12
L02T1;3490;1;2023-09-13 01:14:37
L02T1;2342;1;2023-09-14 20:50:38
L02T1;4243;1;2023-09-18 00:01:03
L02T1;3138;1;2023-09-16 11:36:24
L02T1;6002;1;2023-09-11 14:16:16
L02T1;9068;1;2023-09-16 08:58:23
L02T1;3937;1;2023-09-12 09:09:38
L02T1;7139;1;2023-09-12 18:58:08
L02T1;1204;1;2023-09-17 13:18:19
L02T1;2813;1;2023-09-13 16:12:30
L02T1;2652;1;2023-09-11 11:13:35
L02T1;6340;1;2023-09-13 18:49:03
L02T1;968;1;2023-09-17 14:45:29
L02T1;381;1;2023-09-17 19:19:09
L02T1;6817;1;2023-09-16 22:46:47
L02T1;2310;1;2023-09-17 09:32:55
L02T1;6499;1;2023-09-17 15:37:07
L02T1;5670;1;2023-09-11 13:12:53
L02T1;9714;1;2023-09-13 12:58:55
L02T1;6312;1;2023-09-12 16:09:20
L02T1;8379;1;2023-09-17 12:29:33
L02T1;9241;1;2023-09-13 09:46:45
L02T1;5543;1;2023-09-12 17:22:16
L02T1;3867;1;2023-09-12 11:31:18
L02T1;6629;1;2023-09-11 13:38:04
L02T1;4310;1;2023-09-15 16:04:11
L02T1;6290;1;2023-09-12 20:51:07
L02T1;5831;1;2023-09-17 16:42:05
L02T1;444;1;2023-09-12 09:04:45
L02T1;7345;1;2023-09-18 00:15:44
L02T1;2509;1;2023-09-17 15:03:00
L02T1;2057;1;2023-09-13 11:35:12
L02T1;2019;1;2023-09-11 21:32:18
L02T1;2476;1;2023-09-11 17:50:34
L02T1;7092;1;2023-09-11 12:24:42
L02T1;2178;1;2023-09-16 17:07:51
L02T1;2646;1;2023-09-16 20:39:32
L02T1;5819;1;2023-09-11 15:19:13
L02T1;614;1;2023-09-17 17:51:01
L02T1;5996;1;2023-09-17 14:45:32
L02T1;6329;1;2023-09-13 14:28:28
L02T1;2195;1;2023-09-12 08:27:00
L02T1;821;1;2023-09-17 17:41:31
L02T1;2148;1;2023-09-11 07:37:38
L02T1;7464;1;2023-09-16 10:10:24
L02T1;7918;1;2023-09-14 12:56:48
L02T1;9523;1;2023-09-13 16:58:50
L02T1;8374;1;2023-09-13 14:49:08
L02T1;4000;1;2023-09-12 20:01:04
L02T1;9957;1;2023-09-11 11:26:15
L02T1;463;1;2023-09-13 22:11:51
L02T1;2131;1;2023-09-15 17:45:00
L02T1;3271;1;2023-09-16 15:23:01
L02T1;9940;1;2023-09-11 13:48:32
L02T1;501;1;2023-09-11 13:22:13
L02T1;4306;1;2023-09-15 17:20:25
L02T1;237;0;2023-09-18 03:35:16
L02T1;7752;1;2023-09-14 11:50:10
L02T1;9973;1;2023-09-11 10:33:26
L02T1;7063;1;2023-09-12 16:57:21
L02T1;848;1;2023-09-11 13:55:18
L02T1;673;1;2023-09-11 19:28:56
L02T1;206;1;2023-09-17 18:38:56
L02T1;9950;1;2023-09-13 12:23:00
L02T1;4111;1;2023-09-13 11:48:27
L02T1;4820;1;2023-09-15 18:13:37
L02T1;5302;1;2023-09-16 09:01:19
L02T1;2470;1;2023-09-16 16:08:35
L02T1;6908;1;2023-09-11 07:38:11
L02T1;1530;1;2023-09-12 17:04:07
L02T1;2466;1;2023-09-11 18:46:33
L02T1;8651;1;2023-09-11 12:43:11
L02T1;6916;0;2023-09-11 19:13:14
L02T1;875;1;2023-09-14 17:42:10
L02T1;3178;1;2023-09-11 13:35:03
L02T1;7322;1;2023-09-15 11:55:21
L02T1;1083;1;2023-09-17 22:57:26
L02T1;3593;1;2023-09-11 11:31:57
L02T1;6073;1;2023-09-11 14:53:58
L02T1;7633;1;2023-09-12 16:06:36
L02T1;4632;1;2023-09-15 12:18:38
L02T1;9900;0;2023-09-12 16:37:39
L02T1;2072;1;2023-09-11 17:04:16
L02T1;9994;1;2023-09-11 14:48:28
L02T1;6348;1;2023-09-16 16:41:25
L02T1;7857;1;2023-09-11 10:49:22
L02T1;8803;1;2023-09-15 19:11:26
L02T1;635;1;2023-09-12 19:09:52
L02T1;5179;1;2023-09-14 15:08:32
L02T1;7476;1;2023-09-11 20:57:57
L02T1;1886;1;2023-09-11 15:32:56
L02T1;3425;1;2023-09-13 16:11:52
L02T1;3038;1;2023-09-18 00:07:09
L02T1;5737;1;2023-09-12 13:00:29
L02T1;6765;1;2023-09-17 23:36:47
L02T1;3040;1;2023-09-11 10:07:44
L02T1;1728;1;2023-09-13 09:02:37
L02T1;4816;1;2023-09-12 11:56:09
L02T1;2253;1;2023-09-16 09:08:57
L02T1;2634;1;2023-09-17 10:25:33
L02T1;6548;1;2023-09-13 13:04:49
L02T1;1187;1;2023-09-17 14:18:01
L02T1;4095;1;2023-09-17 23:03:22
L02T1;9029;1;2023-09-11 18:26:20
L02T1;6601;1;2023-09-13 19:22:19
L02T1;4608;1;2023-09-11 13:39:19
L02T1;3395;1;2023-09-13 11:25:22
L02T1;1615;1;2023-09-11 17:42:48
L02T1;4640;1;2023-09-12 10:17:53
L02T1;6541;1;2023-09-17 22:18:17
L02T1;3938;1;2023-09-11 16:09:36
L02T1;4617;1;2023-09-12 12:36:56
L02T1;7733;1;2023-09-15 15:08:29
L02T1;1145;1;2023-09-11 13:37:32
L02T1;3672;1;2023-09-15 19:48:01
L02T1;3772;1;2023-09-13 11:03:48
L02T1;2516;1;2023-09-11 15:42:58
L02T1;3750;1;2023-09-12 16:09:51
L02T1;8830;1;2023-09-13 17:52:50
L02T1;8259;1;2023-09-13 12:43:33
L02T1;3191;1;2023-09-11 16:36:44
L02T1;9909;1;2023-09-14 14:36:09
L02T1;6353;1;2023-09-11 07:08:24
L02T1;5316;1;2023-09-11 14:31:29
L02T1;6471;1;2023-09-13 21:59:27
L02T1;1331;1;2023-09-13 16:45:47
L02T1;7484;1;2023-09-11 12:33:26
L02T1;5265;1;2023-09-14 13:35:45
L02T1;9641;1;2023-09-15 18:02:59
L02T1;2088;1;2023-09-17 12:55:30
L02T1;2894;1;2023-09-11 14:11:25
L02T1;5127;1;2023-09-16 20:00:00
L02T1;8169;1;2023-09-12 16:35:28
L02T1;8785;1;2023-09-12 10:27:47
L02T1;7473;1;2023-09-12 12:59:40
L02T1;8530;1;2023-09-11 16:11:49
L02T1;5597;1;2023-09-17 10:36:15
L02T1;8749;1;2023-09-13 11:41:20
L02T1;924;1;2023-09-13 16:26:04
L02T1;4614;1;2023-09-15 12:19:09
L02T1;4567;1;2023-09-11 07:05:08
L02T1;2601;1;2023-09-11 13:37:05
L02T1;7904;1;2023-09-11 18:50:49
L02T1;4482;1;2023-09-12 14:12:40
L02T1;7733;1;2023-09-13 11:21:05
L02T1;9782;1;2023-09-11 14:42:25
L02T1;8104;1;2023-09-17 23:29:14
L02T1;3505;1;2023-09-15 08:17:24
L02T1;1477;1;2023-09-12 14:23:00
L02T1;9358;1;2023-09-12 00:01:23
L02T1;8297;1;2023-09-16 02:04:15
L02T1;3074;1;2023-09-11 15:37:33
L02T1;6239;1;2023-09-15 11:12:03
L02T1;6745;1;2023-09-12 01:12:49
L02T1;5471;1;2023-09-14 11:36:11
L02T1;8545;1;2023-09-13 11:53:07
L02T1;8642;1;2023-09-11 20:37:49
L02T1;3277;1;2023-09-17 13:07:31
L02T1;2368;1;2023-09-11 21:12:24
L02T1;4601;1;2023-09-11 12:59:29
L02T1;5776;1;2023-09-13 15:21:26
L02T1;1514;1;2023-09-12 20:30:11
L02T1;2206;0;2023-09-18 01:53:49
L02T1;9;1;2023-09-15 22:20:42
L02T1;2257;1;2023-09-11 13:40:30
L02T1;6569;1;2023-09-15 13:20:59
L02T1;2553;1;2023-09-15 09:41:19
L02T1;1572;1;2023-09-12 12:12:35
L02T1;7642;1;2023-09-13 19:43:45
L02T1;802;1;2023-09-12 11:23:08
L02T1;5880;1;2023-09-12 14:59:48
L02T1;6285;1;2023-09-11 08:35:24
L02T1;3059;1;2023-09-11 13:31:09
L02T1;2860;1;2023-09-12 17:54:27
L02T1;5458;1;2023-09-12 14:07:19
L02T1;2701;1;2023-09-18 01:19:57
L02T1;4337;1;2023-09-12 13:33:09
L02T1;3176;1;2023-09-12 20:28:42
L02T1;434;1;2023-09-15 21:05:55
L02T1;6784;1;2023-09-13 17:42:09
L02T1;7606;1;2023-09-11 14:03:26
L02T1;380;1;2023-09-17 21:21:10
L02T1;6478;1;2023-09-17 20:46:51
L02T1;5924;1;2023-09-17 19:18:43
L02T1;5725;1;2023-09-14 18:13:36
L02T1;3223;1;2023-09-17 22:26:05
L02T1;1706;1;2023-09-14 18:42:31
L02T1;5282;1;2023-09-15 16:39:01
L02T1;5627;1;2023-09-14 11:28:51
L02T1;1382;1;2023-09-17 09:18:05
L02T1;5243;1;2023-09-13 23:08:23
L02T1;7224;1;2023-09-11 19:12:25
L02T1;6539;1;2023-09-12 16:47:45
L02T1;8329;1;2023-09-11 15:07:02
L02T1;4542;1;2023-09-16 14:47:23
L02T1;5081;1;2023-09-16 13:01:14
L02T1;3875;1;2023-09-12 06:08:31
L02T1;1528;1;2023-09-12 14:20:37
L02T1;5582;1;2023-09-12 18:52:19
L02T1;7002;1;2023-09-15 11:27:31
L02T1;517;1;2023-09-17 21:40:48
L02T1;4629;1;2023-09-11 18:18:11
L02T1;1881;1;2023-09-14 14:42:34
L02T1;4054;1;2023-09-17 18:46:09
L02T1;2010;1;2023-09-16 18:59:56
L02T1;6341;1;2023-09-11 14:10:46
L02T1;6483;1;2023-09-11 13:24:48
L02T1;3844;1;2023-09-11 18:20:42
L02T1;5281;1;2023-09-12 16:41:32
L02T1;9331;1;2023-09-14 18:31:20
L02T1;6549;1;2023-09-11 17:43:06
L02T1;2734;1;2023-09-18 01:12:32
L02T1;6760;1;2023-09-11 12:37:33
L02T1;6882;1;2023-09-12 11:50:02
L02T1;5505;1;2023-09-11 13:53:28
L02T1;2854;1;2023-09-17 15:24:52
L02T1;2123;1;2023-09-11 15:12:19
L02T1;898;1;2023-09-13 16:56:45
L02T1;5431;1;2023-09-17 18:23:58
L02T1;4252;1;2023-09-14 13:50:46
L02T1;2977;1;2023-09-17 18:29:37
L02T1;5253;1;2023-09-11 14:02:07
L02T1;4397;1;2023-09-11 18:15:29
L02T1;5322;1;2023-09-11 16:02:31
L02T1;5519;1;2023-09-15 14:55:02
L02T1;7652;1;2023-09-13 11:18:33
L02T1;5410;1;2023-09-16 13:11:09
L02T1;1289;1;2023-09-12 12:07:17
L02T1;3909;1;2023-09-17 19:26:33
L02T1;3469;1;2023-09-11 09:42:26
L02T1;7614;1;2023-09-11 13:26:41
L02T1;3952;1;2023-09-12 12:50:00
L02T1;7741;1;2023-09-12 18:27:39
L02T1;2718;1;2023-09-13 11:41:58
L02T1;3043;1;2023-09-12 11:33:05
L02T1;6722;1;2023-09-12 08:44:31
L02T1;9881;1;2023-09-11 15:49:38
L02T1;8280;1;2023-09-13 16:02:46
L02T1;2218;1;2023-09-17 17:50:42
L02T1;3573;1;2023-09-12 11:57:13
L02T1;4320;1;2023-09-15 11:26:43
L02T1;1048;1;2023-09-15 16:29:04
L02T1;6515;1;2023-09-11 13:03:07
L02T1;5101;1;2023-09-15 11:41:15
L02T1;6660;1;2023-09-12 14:10:22
L02T1;1206;1;2023-09-14 20:40:18
L02T1;494;1;2023-09-14 14:23:22
L02T1;3812;1;2023-09-14 15:55:33
L02T1;6255;1;2023-09-11 14:11:26
L02T1;4930;1;2023-09-15 16:31:42
L02T1;6484;1;2023-09-11 13:48:37
L02T1;4831;1;2023-09-11 13:09:22
L02T1;9532;1;2023-09-11 17:38:27
L02T1;7125;1;2023-09-11 18:06:52
L02T1;7576;1;2023-09-11 13:56:25
L02T1;3701;1;2023-09-11 21:12:14
L02T1;2055;1;2023-09-11 12:37:19
L02T1;7938;1;2023-09-11 16:13:10
L02T1;3174;0;2023-09-17 11:19:58
L02T1;1952;1;2023-09-13 12:10:21
L02T1;3193;1;2023-09-16 19:13:43
L02T1;9559;1;2023-09-17 18:25:04
L02T1;7900;1;2023-09-15 14:11:47
L02T1;6241;1;2023-09-11 12:30:29
L02T1;665;1;2023-09-12 15:43:09
L02T1;7834;1;2023-09-12 16:31:45
L02T1;8632;1;2023-09-14 12:47:45
L02T1;7435;1;2023-09-15 12:30:05
L02T1;3534;1;2023-09-12 15:43:16
L02T1;9683;1;2023-09-18 02:21:09
L02T1;2410;1;2023-09-11 16:09:06
L02T1;9281;0;2023-09-17 13:18:07
L02T1;3538;1;2023-09-16 14:30:27
L02T1;6113;1;2023-09-12 13:07:56
L02T1;248;1;2023-09-11 14:21:00
L02T1;2927;1;2023-09-17 17:23:52
L02T1;6991;1;2023-09-11 12:52:16
L02T1;8173;1;2023-09-12 14:51:01
L02T1;9143;1;2023-09-12 13:55:08
L02T1;2500;1;2023-09-17 21:23:11
L02T1;8676;1;2023-09-17 15:26:01
L02T1;7284;1;2023-09-17 15:28:58
L02T1;4927;1;2023-09-11 14:53:23
L02T1;309;1;2023-09-11 13:05:53
L02T1;1202;1;2023-09-11 13:16:28
L02T1;3996;1;2023-09-13 16:48:26
L02T1;2163;1;2023-09-11 13:26:20
L02T1;4935;1;2023-09-11 23:40:48
L02T1;3423;1;2023-09-11 12:54:45
L02T1;8397;1;2023-09-13 10:27:14
L02T1;7757;1;2023-09-11 12:43:49
L02T1;485;1;2023-09-12 16:48:51
L02T1;240;1;2023-09-12 13:50:34
L02T1;1898;1;2023-09-15 12:50:47
L02T1;1831;1;2023-09-17 19:25:21
L02T1;4898;1;2023-09-11 19:15:27
L02T1;7197;1;2023-09-11 12:46:24
L02T1;4651;1;2023-09-18 00:39:45
L02T1;5227;1;2023-09-12 18:09:02
L02T1;5080;1;2023-09-11 11:56:16
L02T1;1111;1;2023-09-11 14:13:30
L02T1;2206;1;2023-09-11 14:46:34
L02T1;8266;0;2023-09-17 22:58:20
L02T1;5905;1;2023-09-11 16:23:49
L02T1;7839;1;2023-09-13 13:58:48
L02T1;6299;1;2023-09-11 21:23:06
L02T1;6212;1;2023-09-14 08:57:09
L02T1;40;1;2023-09-16 17:32:54
L02T1;6802;1;2023-09-15 16:45:29
L02T1;3038;1;2023-09-17 18:04:17
L02T1;898;0;2023-09-17 15:57:33
L02T1;6999;1;2023-09-12 13:57:43
L02T1;8058;1;2023-09-11 10:09:52
L02T1;3950;1;2023-09-11 12:52:34
L02T1;3273;1;2023-09-17 20:34:34
L02T1;8944;1;2023-09-17 23:00:02
L02T1;8377;1;2023-09-13 12:38:01
L02T1;9234;1;2023-09-17 20:23:52
L02T1;5434;1;2023-09-13 16:10:49
L02T1;8198;1;2023-09-12 11:52:03
L02T1;450;1;2023-09-14 15:55:09
L02T1;7903;1;2023-09-17 13:11:40
L02T1;4844;1;2023-09-11 14:02:23
L02T1;1997;1;2023-09-16 16:12:49
L02T1;6826;1;2023-09-17 12:28:50
L02T1;2809;1;2023-09-15 15:00:02
L02T1;3177;1;2023-09-11 16:36:56
L02T1;4152;1;2023-09-11 13:48:49
L02T1;3686;1;2023-09-11 12:56:55
L02T1;812;1;2023-09-13 12:28:58
L02T1;5404;1;2023-09-13 17:32:06
L02T1;4339;1;2023-09-17 18:42:28
L02T1;9252;1;2023-09-13 16:42:05
L02T1;6541;1;2023-09-15 22:19:40
L02T1;6208;1;2023-09-11 11:38:27
L02T1;4073;1;2023-09-17 16:15:20
L02T1;9701;1;2023-09-12 09:27:43
L02T1;7395;1;2023-09-12 08:54:08
L02T1;6068;1;2023-09-11 13:37:07
L02T1;2060;1;2023-09-17 23:18:10
L02T1;8482;1;2023-09-17 17:55:47
L02T1;4166;1;2023-09-12 13:45:20
L02T1;5151;1;2023-09-17 14:22:53
L02T1;843;1;2023-09-11 23:41:31
L02T1;7835;1;2023-09-12 20:56:41
L02T1;9026;1;2023-09-11 13:39:06
L02T1;1902;1;2023-09-11 13:41:42
L02T1;7259;1;2023-09-12 16:21:24
L02T1;2627;1;2023-09-11 17:39:28
L02T1;9888;1;2023-09-12 08:46:14
L02T1;3579;1;2023-09-11 09:50:38
L02T1;2149;1;2023-09-17 17:31:41
L02T1;1385;1;2023-09-15 12:01:14
L02T1;4417;1;2023-09-16 13:27:36
L02T1;103;1;2023-09-11 16:37:59
L02T1;6794;1;2023-09-13 17:51:18
L02T1;7159;1;2023-09-11 14:52:05
L02T1;6799;1;2023-09-13 11:19:29
L02T1;1178;1;2023-09-17 20:11:11
L02T1;2261;1;2023-09-12 14:54:15
L02T1;267;1;2023-09-11 21:16:49
L02T1;7839;1;2023-09-11 13:42:52
L02T1;6109;1;2023-09-12 15:21:11
L02T1;9847;1;2023-09-11 16:57:42
L02T1;7266;1;2023-09-15 18:30:01
L02T1;5781;1;2023-09-13 23:17:34
L02T1;1784;1;2023-09-11 21:21:51
L02T1;7427;1;2023-09-17 08:03:28
L02T1;7336;1;2023-09-17 22:26:42
L02T1;4131;1;2023-09-11 13:30:26
L02T1;3213;1;2023-09-17 20:39:46
L02T1;5229;1;2023-09-15 12:55:35
L02T1;2900;1;2023-09-11 06:22:52
L02T1;3889;1;2023-09-11 15:47:28
L02T1;8752;1;2023-09-11 11:03:47
L02T1;9903;1;2023-09-11 14:50:35
L02T1;959;1;2023-09-12 08:00:57
L02T1;3314;1;2023-09-16 13:16:02
L02T1;9056;1;2023-09-11 10:41:32
L02T1;1253;1;2023-09-13 11:53:58
L02T1;8836;1;2023-09-17 10:01:54
L02T1;1224;1;2023-09-12 20:10:31
L02T1;4718;1;2023-09-11 11:48:03
L02T1;2740;1;2023-09-17 12:59:51
L02T1;59;1;2023-09-11 15:01:31
L02T1;5340;1;2023-09-11 18:43:12
L02T1;6064;1;2023-09-17 23:34:33
L02T1;8024;1;2023-09-17 23:40:40
L02T1;2630;1;2023-09-11 16:58:26
L02T1;7587;1;2023-09-11 15:58:08
L02T1;4985;1;2023-09-15 16:38:42
L02T1;8720;1;2023-09-11 13:18:12
L02T1;2014;1;2023-09-17 22:39:23
L02T1;9527;1;2023-09-11 15:48:23
L02T1;3058;1;2023-09-13 08:46:56
L02T1;1828;1;2023-09-11 12:37:46
L02T1;7351;1;2023-09-12 13:38:17
L02T1;939;1;2023-09-17 10:57:19
L02T1;4078;1;2023-09-17 19:08:52
L02T1;5552;1;2023-09-14 12:52:17
L02T1;8292;1;2023-09-12 03:55:12
L02T1;1863;1;2023-09-11 19:11:37
L02T1;3140;1;2023-09-17 22:07:16
L02T1;5231;1;2023-09-13 11:51:25
L02T1;2266;1;2023-09-12 16:05:40
L02T1;996;1;2023-09-17 17:46:38
L02T1;2085;1;2023-09-11 15:18:24
L02T1;2741;1;2023-09-12 12:53:05
L02T1;1008;1;2023-09-11 17:22:37
L02T1;9350;1;2023-09-11 13:29:44
L02T1;6080;1;2023-09-11 13:49:24
L02T1;3092;1;2023-09-11 09:08:03
L02T1;3881;1;2023-09-17 21:42:58
L02T1;6818;1;2023-09-11 13:30:53
L02T1;4009;1;2023-09-11 18:20:51
L02T1;1351;1;2023-09-11 18:16:33
L02T1;3630;1;2023-09-11 18:31:25
L02T1;2474;1;2023-09-11 11:05:14
L02T1;93;1;2023-09-12 16:25:53
L02T1;3611;1;2023-09-12 16:25:28
L02T1;6029;1;2023-09-11 21:19:12
L02T1;8212;1;2023-09-17 15:52:20
L02T1;9726;1;2023-09-16 19:06:19
L02T1;2179;1;2023-09-11 17:03:37
L02T1;3510;1;2023-09-17 19:03:04
L02T1;2039;1;2023-09-17 15:34:46
L02T1;2227;1;2023-09-11 12:59:46
L02T1;951;1;2023-09-11 13:32:23
L02T1;830;1;2023-09-11 15:05:04
L02T1;8737;1;2023-09-11 16:26:31
L02T1;3779;1;2023-09-18 00:34:16
L02T1;6930;1;2023-09-14 14:53:46
L02T1;6042;1;2023-09-11 15:59:11
L02T1;3251;1;2023-09-17 23:40:51
L02T1;3312;1;2023-09-17 19:29:22
L02T1;9717;1;2023-09-15 10:26:13
L02T1;1249;1;2023-09-13 19:47:25
L02T1;3257;1;2023-09-11 11:24:03
L02T1;6272;1;2023-09-11 12:46:08
L02T1;3798;1;2023-09-15 17:38:14
L02T1;9056;1;2023-09-11 16:02:46
L02T1;6017;1;2023-09-15 02:24:34
L02T1;3193;1;2023-09-11 16:14:57
L02T1;3892;1;2023-09-11 16:45:23
L02T1;1363;0;2023-09-13 17:47:33
L02T1;8569;1;2023-09-12 11:51:05
L02T1;1311;1;2023-09-11 15:36:57
L02T1;4723;1;2023-09-18 01:05:37
L02T1;3951;1;2023-09-17 10:05:58
L02T1;3506;1;2023-09-11 22:20:08
L02T1;4818;1;2023-09-11 12:48:41
L02T1;1769;1;2023-09-12 17:47:41
L02T1;3416;1;2023-09-16 23:49:11
L02T1;7860;1;2023-09-12 09:08:34
L02T1;2236;1;2023-09-12 08:51:17
L02T1;8678;1;2023-09-11 21:20:17
L02T1;3688;1;2023-09-11 17:10:40
L02T1;2104;1;2023-09-17 16:35:24
L02T1;1250;1;2023-09-13 09:44:02
L02T1;5389;1;2023-09-13 21:11:04
L02T1;9466;1;2023-09-12 13:35:44
L02T1;974;1;2023-09-11 13:31:52
L02T1;84;1;2023-09-11 13:39:35
L02T1;3005;1;2023-09-18 02:52:45
L02T1;7711;1;2023-09-13 21:33:03
L02T1;6570;1;2023-09-12 22:26:59
L02T1;5208;1;2023-09-14 17:27:24
L02T1;4083;1;2023-09-13 17:39:57
L02T1;6842;1;2023-09-18 04:12:47
L02T1;861;1;2023-09-18 00:21:12
L02T1;6236;1;2023-09-17 18:21:45
L02T1;9948;1;2023-09-12 08:56:54
L02T1;5937;1;2023-09-12 02:10:55
L02T1;4658;1;2023-09-12 16:39:29
L02T1;299;1;2023-09-11 08:14:13
L02T1;7497;1;2023-09-12 07:36:12
L02T1;752;1;2023-09-17 17:50:14
L02T1;5703;1;2023-09-11 13:51:13
L02T1;7543;1;2023-09-11 16:26:46
L02T1;420;1;2023-09-17 22:40:12
L02T1;2672;1;2023-09-17 14:44:52
L02T1;8691;1;2023-09-11 17:18:18
L02T1;2619;1;2023-09-15 00:14:44
L02T1;1917;1;2023-09-16 20:39:07
L02T1;1732;1;2023-09-15 13:30:36
L02T1;3433;1;2023-09-11 22:23:55
L02T1;4259;1;2023-09-13 19:31:45
L02T1;8399;1;2023-09-14 14:31:41
L02T1;7901;1;2023-09-14 16:35:05
L02T1;638;1;2023-09-11 16:01:19
L02T1;4698;1;2023-09-11 12:54:31
L02T1;8857;1;2023-09-15 18:29:53
L02T1;8191;1;2023-09-17 11:48:12
L02T1;5712;1;2023-09-11 14:29:56
L02T1;78;1;2023-09-12 10:29:19
L02T1;7399;1;2023-09-12 15:08:25
L02T1;327;1;2023-09-01 10:15:38
L02T1;5277;1;2023-09-12 08:55:48
L02T1;6716;1;2023-09-11 14:25:48
L02T1;783;1;2023-09-17 03:39:04
L02T1;5666;1;2023-09-13 12:39:19
L02T1;2862;1;2023-09-17 21:54:41
L02T1;3422;1;2023-09-11 10:17:54
L02T2;3772;1;2023-09-16 16:39:35
L02T2;3191;1;2023-09-11 16:43:09
L02T2;1863;1;2023-09-11 19:43:23
L02T2;2253;1;2023-09-16 09:30:33
L02T2;783;1;2023-09-17 03:43:54
L02T2;3469;1;2023-09-11 09:49:14
L02T2;8720;1;2023-09-11 13:59:16
L02T2;821;1;2023-09-17 18:21:29
L02T2;2410;1;2023-09-14 14:19:30
L02T2;7473;1;2023-09-12 13:05:09
L02T2;2474;1;2023-09-11 11:25:25
L02T2;5670;1;2023-09-12 07:07:14
L02T2;6290;1;2023-09-16 19:49:16
L02T2;6312;1;2023-09-13 12:00:13
L02T2;6810;1;2023-09-11 11:07:20
L02T2;5627;1;2023-09-14 11:49:29
L02T2;2601;1;2023-09-11 13:47:40
L02T2;6483;1;2023-09-11 13:43:21
L02T2;4078;1;2023-09-17 19:38:08
L02T2;4320;1;2023-09-15 12:13:01
L02T2;5410;1;2023-09-16 13:21:06
L02T2;4640;1;2023-09-13 09:44:12
L02T2;8329;1;2023-09-11 15:57:25
L02T2;93;1;2023-09-12 16:29:31
L02T2;4898;1;2023-09-11 19:42:10
L02T2;7254;1;2023-09-13 13:06:12
L02T2;6109;1;2023-09-12 15:38:37
L02T2;2894;1;2023-09-11 15:22:07
L02T2;415;1;2023-09-13 09:06:37
L02T2;5831;1;2023-09-17 16:48:15
L02T2;6999;1;2023-09-12 14:12:19
L02T2;5582;1;2023-09-12 19:01:16
L02T2;6285;1;2023-09-11 12:42:16
L02T2;2627;1;2023-09-11 18:55:44
L02T2;7652;1;2023-09-13 11:35:43
L02T2;3779;1;2023-09-18 00:49:59
L02T2;7399;1;2023-09-12 15:38:35
L02T2;2131;1;2023-09-15 17:38:30
L02T2;3416;1;2023-09-17 00:13:26
L02T2;3688;1;2023-09-11 17:25:39
L02T2;4831;1;2023-09-11 14:18:39
L02T2;2718;1;2023-09-13 12:11:15
L02T2;1253;1;2023-09-13 12:01:31
L02T2;485;1;2023-09-12 16:58:46
L02T2;5266;1;2023-09-18 00:01:07
L02T2;380;1;2023-09-17 21:41:14
L02T2;7606;1;2023-09-11 14:14:17
L02T2;6660;1;2023-09-12 15:21:43
L02T2;898;0;2023-09-17 15:58:57
L02T2;7092;1;2023-09-11 12:38:15
L02T2;1395;1;2023-09-13 16:23:07
L02T2;4567;1;2023-09-11 07:16:08
L02T2;7938;1;2023-09-11 16:15:22
L02T2;6817;1;2023-09-16 23:18:58
L02T2;6042;1;2023-09-14 18:40:24
L02T2;5937;1;2023-09-12 16:17:09
L02T2;1775;1;2023-09-14 14:40:31
L02T2;7159;1;2023-09-11 15:08:43
L02T2;959;1;2023-09-12 08:01:34
L02T2;8749;1;2023-09-13 12:55:32
L02T2;8737;1;2023-09-12 12:14:33
L02T2;7587;1;2023-09-11 18:18:08
L02T2;4482;1;2023-09-12 14:34:20
L02T2;248;1;2023-09-14 11:08:00
L02T2;7176;1;2023-09-16 16:35:01
L02T2;3193;1;2023-09-17 13:54:05
L02T2;5905;1;2023-09-12 15:09:55
L02T2;752;1;2023-09-17 17:46:38
L02T2;8836;1;2023-09-14 08:18:01
L02T2;3686;1;2023-09-11 13:17:33
L02T2;1362;1;2023-09-11 10:45:17
L02T2;8803;1;2023-09-15 20:07:46
L02T2;3996;1;2023-09-13 20:43:07
L02T2;3138;1;2023-09-16 12:43:35
L02T2;2900;1;2023-09-11 06:32:43
L02T2;2646;1;2023-09-16 20:42:44
L02T2;5404;1;2023-09-13 18:40:37
L02T2;4054;1;2023-09-17 19:00:49
L02T2;7860;1;2023-09-12 10:00:51
L02T2;8530;1;2023-09-11 16:49:58
L02T2;4310;1;2023-09-15 15:58:27
L02T2;974;1;2023-09-11 15:01:01
L02T2;2813;1;2023-09-13 16:16:10
L02T2;240;1;2023-09-12 15:08:28
L02T2;3176;1;2023-09-12 20:57:27
L02T2;4698;1;2023-09-11 13:48:35
L02T2;6882;1;2023-09-12 12:07:55
L02T2;6353;1;2023-09-11 10:45:52
L02T2;9950;1;2023-09-13 12:43:23
L02T2;4820;1;2023-09-15 20:40:13
L02T2;635;1;2023-09-13 17:45:51
L02T2;3425;1;2023-09-14 16:05:49
L02T2;47;1;2023-09-17 14:25:19
L02T2;1311;1;2023-09-12 15:28:10
L02T2;6341;1;2023-09-11 14:11:53
L02T2;7543;1;2023-09-11 17:48:24
L02T2;244;1;2023-09-16 17:50:23
L02T2;6541;1;2023-09-17 22:24:13
L02T2;2060;1;2023-09-17 23:52:16
L02T2;2163;1;2023-09-14 19:48:47
L02T2;5081;1;2023-09-16 15:00:12
L02T2;9714;1;2023-09-13 13:08:30
L02T2;3950;1;2023-09-11 15:23:50
L02T2;25;1;2023-09-12 16:55:14
L02T2;4397;1;2023-09-11 18:03:47
L02T2;6478;1;2023-09-17 20:47:06
L02T2;5680;1;2023-09-12 21:02:21
L02T2;1831;1;2023-09-17 20:35:39
L02T2;4417;1;2023-09-16 13:54:23
L02T2;3422;1;2023-09-11 10:35:44
L02T2;3867;1;2023-09-12 11:41:39
L02T2;166;1;2023-09-13 14:02:32
L02T2;665;1;2023-09-17 07:37:25
L02T2;8058;1;2023-09-11 10:10:01
L02T2;9701;1;2023-09-16 16:27:55
L02T2;2055;1;2023-09-11 13:29:20
L02T2;4985;1;2023-09-16 17:43:29
L02T2;1609;1;2023-09-13 11:49:18
L02T2;6601;1;2023-09-13 19:09:40
L02T2;2179;1;2023-09-12 11:10:23
L02T2;2977;1;2023-09-17 19:50:54
L02T2;968;1;2023-09-17 15:16:46
L02T2;7266;1;2023-09-15 18:41:22
L02T2;5253;1;2023-09-11 13:18:03
L02T2;9888;1;2023-09-12 08:51:56
L02T2;3881;1;2023-09-17 22:16:11
L02T2;1788;1;2023-09-17 21:53:42
L02T2;4927;1;2023-09-11 18:52:25
L02T2;4738;1;2023-09-13 19:08:45
L02T2;5316;1;2023-09-11 15:08:48
L02T2;9683;1;2023-09-18 02:43:31
L02T2;8651;1;2023-09-11 14:17:07
L02T2;299;1;2023-09-11 08:23:03
L02T2;2148;1;2023-09-11 07:55:28
L02T2;9358;1;2023-09-12 11:09:52
L02T2;8482;1;2023-09-11 17:00:37
L02T2;1828;1;2023-09-11 13:59:01
L02T2;3257;1;2023-09-11 13:31:16
L02T2;5302;1;2023-09-16 09:23:12
L02T2;2010;1;2023-09-16 19:10:54
L02T2;4608;1;2023-09-14 13:23:11
L02T2;527;1;2023-09-13 12:22:18
L02T2;7711;1;2023-09-17 19:08:53
L02T2;6340;1;2023-09-13 19:00:49
L02T2;5597;1;2023-09-17 11:47:16
L02T2;9252;1;2023-09-13 16:54:32
L02T2;1728;1;2023-09-13 12:39:58
L02T2;7734;1;2023-09-13 11:50:05
L02T2;1250;1;2023-09-13 12:31:09
L02T2;4390;1;2023-09-17 15:18:39
L02T2;8642;1;2023-09-11 21:08:29
L02T2;6930;1;2023-09-15 10:30:05
L02T2;4651;1;2023-09-18 00:40:35
L02T2;8678;1;2023-09-11 22:08:21
L02T2;7125;1;2023-09-11 18:45:22
L02T2;1881;1;2023-09-17 17:19:29
L02T2;7810;1;2023-09-11 17:08:53
L02T2;7259;1;2023-09-12 16:56:56
L02T2;7741;1;2023-09-12 19:36:42
L02T2;3333;1;2023-09-11 14:33:02
L02T2;4930;1;2023-09-15 17:10:10
L02T2;2595;1;2023-09-15 20:57:35
L02T2;3951;1;2023-09-17 10:50:53
L02T2;7464;1;2023-09-16 10:46:08
L02T2;174;1;2023-09-13 12:23:54
L02T2;4009;1;2023-09-13 21:19:39
L02T2;6864;1;2023-09-16 15:46:19
L02T2;9782;1;2023-09-12 08:24:25
L02T2;4306;1;2023-09-15 17:23:24
L02T2;6547;1;2023-09-14 16:00:04
L02T2;6080;1;2023-09-11 15:12:22
L02T2;103;1;2023-09-11 17:17:24
L02T2;2266;1;2023-09-12 16:15:33
L02T2;6212;1;2023-09-14 09:20:38
L02T2;9948;1;2023-09-12 09:14:05
L02T2;7038;1;2023-09-18 00:57:03
L02T2;7752;1;2023-09-14 12:21:24
L02T2;40;1;2023-09-16 17:54:08
L02T2;3140;1;2023-09-17 22:17:32
L02T2;951;1;2023-09-11 13:58:01
L02T2;1917;1;2023-09-17 13:33:11
L02T2;7351;1;2023-09-14 13:39:48
L02T2;9726;1;2023-09-16 19:38:55
L02T2;7576;1;2023-09-11 18:48:49
L02T2;3844;1;2023-09-11 18:29:58
L02T2;8374;1;2023-09-14 09:51:19
L02T2;2039;1;2023-09-17 15:41:41
L02T2;3573;1;2023-09-12 12:01:27
L02T2;206;1;2023-09-17 21:59:50
L02T2;8024;1;2023-09-17 23:58:06
L02T2;7002;1;2023-09-17 22:28:58
L02T2;6539;1;2023-09-12 16:56:43
L02T2;7918;1;2023-09-14 13:11:55
L02T2;4131;1;2023-09-11 14:01:51
L02T2;8833;1;2023-09-14 14:34:40
L02T2;1145;1;2023-09-11 14:13:03
L02T2;2390;1;2023-09-12 11:51:55
L02T2;6991;1;2023-09-11 19:20:42
L02T2;665;1;2023-09-12 16:31:09
L02T2;309;0;2023-09-11 13:36:13
L02T2;1952;1;2023-09-13 12:36:01
L02T2;9281;0;2023-09-17 13:28:03
L02T2;78;1;2023-09-12 11:38:04
L02T2;614;1;2023-09-17 18:06:42
L02T2;501;1;2023-09-11 14:16:34
L02T2;9241;1;2023-09-13 09:56:07
L02T2;4935;1;2023-09-11 23:42:17
L02T2;5924;1;2023-09-17 19:42:42
L02T2;4073;1;2023-09-17 16:18:15
L02T2;6029;1;2023-09-11 21:19:49
L02T2;6549;1;2023-09-13 12:43:33
L02T2;9143;1;2023-09-12 14:50:05
L02T2;9523;1;2023-09-13 17:24:26
L02T2;1784;1;2023-09-11 21:29:23
L02T2;2057;1;2023-09-13 12:08:44
L02T2;8944;1;2023-09-17 23:05:29
L02T2;4718;1;2023-09-11 12:50:31
L02T2;3043;1;2023-09-13 07:47:14
L02T2;8377;1;2023-09-14 13:09:47
L02T2;59;1;2023-09-12 11:10:13
L02T2;5282;1;2023-09-15 17:32:46
L02T2;3058;1;2023-09-17 13:06:42
L02T2;9973;1;2023-09-11 10:36:13
L02T2;6745;1;2023-09-12 01:45:00
L02T2;3433;1;2023-09-14 21:38:41
L02T2;6255;1;2023-09-12 00:43:48
L02T2;9909;1;2023-09-14 15:01:50
L02T2;4817;1;2023-09-17 18:01:40
L02T2;6348;1;2023-09-16 17:01:43
L02T2;2310;1;2023-09-17 10:40:56
L02T2;8169;1;2023-09-12 16:36:58
L02T2;1404;1;2023-09-18 00:32:16
L02T2;6484;1;2023-09-11 14:31:50
L02T2;7633;1;2023-09-12 16:07:19
L02T2;9994;1;2023-09-12 16:03:29
L02T2;9056;1;2023-09-11 11:10:03
L02T2;5781;1;2023-09-13 23:19:40
L02T2;5552;1;2023-09-14 13:04:01
L02T2;6113;1;2023-09-11 16:14:31
L02T2;5543;1;2023-09-12 17:35:58
L02T2;996;1;2023-09-17 21:10:25
L02T2;3220;1;2023-09-13 17:09:44
L02T2;444;1;2023-09-12 09:48:12
L02T2;3312;1;2023-09-17 19:46:29
L02T2;8104;1;2023-09-17 23:56:15
L02T2;8475;1;2023-09-12 14:08:13
L02T2;8624;1;2023-09-13 16:52:51
L02T2;78;1;2023-09-12 11:17:55
L02T2;3395;1;2023-09-13 11:37:13
L02T2;8849;1;2023-09-18 03:39:29
L02T2;9;1;2023-09-15 22:50:17
L02T2;7601;1;2023-09-11 09:45:32
L02T2;8830;1;2023-09-13 19:34:52
L02T2;8266;1;2023-09-17 22:59:05
L02T2;3597;1;2023-09-13 09:43:15
L02T2;420;1;2023-09-17 23:49:46
L02T2;2206;0;2023-09-18 01:55:18
L02T2;8777;1;2023-09-11 15:29:49
L02T2;971;1;2023-09-17 20:46:17
L02T2;3271;1;2023-09-16 15:23:55
L02T2;708;1;2023-09-11 11:21:09
L02T2;6826;1;2023-09-17 12:42:08
L02T2;8212;1;2023-09-17 15:58:30
L02T2;1564;1;2023-09-12 20:03:41
L02T2;3672;1;2023-09-15 20:10:50
L02T2;5277;1;2023-09-12 17:56:13
L02T2;9026;1;2023-09-11 14:44:26
L02T2;84;1;2023-09-11 17:07:29
L02T2;5458;1;2023-09-13 14:11:31
L02T2;6916;0;2023-09-17 15:05:43
L02T2;4339;1;2023-09-17 19:58:31
L02T2;3251;1;2023-09-18 00:03:38
L02T2;2088;1;2023-09-17 14:20:48
L02T2;4111;1;2023-09-13 12:27:18
L02T2;6541;1;2023-09-15 23:09:32
L02T2;2672;1;2023-09-17 15:13:37
L02T2;8691;1;2023-09-11 18:06:07
L02T2;5389;1;2023-09-13 21:48:52
L02T2;7834;1;2023-09-14 14:13:26
L02T2;2149;1;2023-09-17 21:45:40
L02T2;1187;1;2023-09-17 14:54:01
L02T2;4629;1;2023-09-11 18:24:00
L02T2;3812;1;2023-09-16 21:11:02
L02T2;9881;1;2023-09-11 16:05:20
L02T2;1363;0;2023-09-13 18:07:21
L02T2;7839;1;2023-09-11 14:06:47
L02T2;6760;1;2023-09-11 13:12:59
L02T2;8676;1;2023-09-17 15:39:33
L02T2;8292;1;2023-09-12 03:57:06
L02T2;1249;1;2023-09-13 20:16:10
L02T2;6818;1;2023-09-11 13:45:41
L02T2;8297;1;2023-09-17 02:14:25
L02T2;2368;1;2023-09-11 21:39:10
L02T2;494;1;2023-09-14 15:05:27
L02T2;3889;1;2023-09-11 16:19:39
L02T2;8785;1;2023-09-12 10:25:18
L02T2;8498;1;2023-09-17 16:24:10
L02T2;8545;1;2023-09-13 12:24:50
L02T2;4816;1;2023-09-12 14:24:43
L02T2;843;1;2023-09-11 23:59:59
L02T2;3628;1;2023-09-11 17:41:10
L02T2;2476;1;2023-09-15 12:15:13
L02T2;9056;1;2023-09-11 16:18:33
L02T2;6471;1;2023-09-13 23:18:18
L02T2;7296;1;2023-09-14 11:38:45
L02T2;5737;1;2023-09-12 15:54:31
L02T2;1706;1;2023-09-14 18:44:18
L02T2;1572;1;2023-09-12 12:13:54
L02T2;1615;1;2023-09-11 17:51:52
L02T2;5231;1;2023-09-13 12:10:00
L02T2;8191;1;2023-09-17 11:45:07
L02T2;2227;1;2023-09-11 14:28:29
L02T2;5819;1;2023-09-11 15:26:30
L02T2;7139;1;2023-09-12 19:13:27
L02T2;2553;1;2023-09-15 09:43:25
L02T2;6098;1;2023-09-11 20:07:38
L02T2;7427;1;2023-09-16 17:45:40
L02T2;3407;1;2023-09-11 14:12:44
L02T2;6272;1;2023-09-11 15:23:37
L02T2;2502;1;2023-09-17 19:00:53
L02T2;8857;1;2023-09-16 12:12:26
L02T2;2206;1;2023-09-12 13:13:14
L02T2;5996;1;2023-09-17 21:29:44
L02T2;5229;1;2023-09-15 12:57:43
L02T2;6908;1;2023-09-11 08:22:29
L02T2;4592;1;2023-09-13 14:50:00
L02T2;2261;1;2023-09-13 10:13:11
L02T2;5776;1;2023-09-13 15:32:10
L02T2;7224;1;2023-09-13 19:30:21
L02T2;9903;1;2023-09-11 15:30:38
L02T2;3630;1;2023-09-11 17:34:39
L02T2;5227;1;2023-09-12 18:18:43
L02T2;2809;1;2023-09-16 18:13:51
L02T2;6842;1;2023-09-18 04:24:44
L02T2;8632;1;2023-09-14 12:57:10
L02T2;802;1;2023-09-12 11:25:53
L02T2;1514;1;2023-09-12 20:31:12
L02T2;1178;1;2023-09-17 20:28:42
L02T2;2123;1;2023-09-11 15:28:58
L02T2;3938;1;2023-09-11 16:17:56
L02T2;9561;1;2023-09-17 19:38:21
L02T2;4351;1;2023-09-16 17:16:43
L02T2;3937;1;2023-09-12 09:28:00
L02T2;3534;1;2023-09-13 15:34:20
L02T2;6784;1;2023-09-13 17:44:04
L02T2;7839;1;2023-09-13 14:57:07
L02T2;2854;0;2023-09-17 17:19:33
L02T2;1385;1;2023-09-15 12:13:17
L02T2;5431;0;2023-09-17 18:24:42
L02T2;6680;1;2023-09-15 14:22:42
L02T2;3579;1;2023-09-11 10:05:05
L02T2;2104;1;2023-09-17 17:13:45
L02T2;691;1;2023-09-11 19:44:07
L02T2;6499;1;2023-09-17 15:31:18
L02T2;7476;1;2023-09-11 21:14:07
L02T2;2697;1;2023-09-12 16:17:24
L02T2;5239;1;2023-09-11 13:48:52
L02T2;5703;1;2023-09-11 14:02:52
L02T2;9532;1;2023-09-11 17:56:19
L02T2;5725;1;2023-09-14 18:22:19
L02T2;5281;1;2023-09-15 16:34:17
L02T2;939;1;2023-09-17 11:00:30
L02T2;4152;1;2023-09-11 21:21:04
L02T2;1331;1;2023-09-13 17:04:50
L02T2;2043;1;2023-09-13 12:27:47
L02T2;4601;1;2023-09-12 13:22:17
L02T2;3273;1;2023-09-17 20:38:48
L02T2;6629;1;2023-09-12 09:24:53
L02T2;463;1;2023-09-13 22:16:39
L02T2;9641;1;2023-09-15 18:04:07
L02T2;517;1;2023-09-17 22:40:43
L02T2;7345;1;2023-09-18 00:30:55
L02T2;3059;1;2023-09-11 13:48:30
L02T2;7197;1;2023-09-11 12:55:40
L02T2;7284;1;2023-09-17 16:06:15
L02T2;3177;1;2023-09-11 16:58:20
L02T2;9331;1;2023-09-15 10:26:04
L02T2;327;1;2023-09-01 10:24:54
L02T2;4095;1;2023-09-17 23:08:37
L02T2;1048;1;2023-09-15 17:10:54
L02T2;2652;1;2023-09-11 13:06:45
L02T2;4632;1;2023-09-16 11:34:58
L02T2;1902;1;2023-09-11 14:01:22
L02T2;1528;1;2023-09-12 15:22:22
L02T2;1131;1;2023-09-11 11:41:15
L02T2;9466;1;2023-09-12 14:25:40
L02T2;4166;1;2023-09-12 16:14:51
L02T2;6321;1;2023-09-18 00:57:56
L02T2;8397;1;2023-09-13 10:46:07
L02T2;3178;1;2023-09-12 18:11:39
L02T2;2054;1;2023-09-11 15:54:11
L02T2;5666;1;2023-09-13 15:10:49
L02T2;7733;1;2023-09-14 14:55:50
L02T2;3074;1;2023-09-11 17:41:39
L02T2;3423;1;2023-09-12 17:27:00
L02T2;5519;1;2023-09-16 16:58:32
L02T2;7435;1;2023-09-15 12:47:07
L02T2;4337;1;2023-09-12 14:12:25
L02T2;3040;1;2023-09-11 10:23:50
L02T2;3223;1;2023-09-17 22:26:42
L02T2;3875;1;2023-09-11 16:22:07
L02T2;9234;1;2023-09-17 20:33:38
L02T2;7733;1;2023-09-13 11:37:10
L02T2;237;1;2023-09-18 03:35:55
L02T2;4617;1;2023-09-12 13:03:40
L02T2;875;1;2023-09-14 21:22:19
L02T2;2342;1;2023-09-16 19:18:00
L02T2;2927;1;2023-09-17 18:09:13
L02T2;8198;1;2023-09-12 14:00:43
L02T2;4542;1;2023-09-16 14:48:50
L02T2;3981;1;2023-09-11 16:55:28
L02T2;7900;1;2023-09-17 19:47:44
L02T2;9527;1;2023-09-11 16:04:25
L02T2;267;1;2023-09-11 21:22:11
L02T2;6569;1;2023-09-15 13:27:05
L02T2;898;1;2023-09-15 13:56:21
L02T2;7757;1;2023-09-13 13:41:18
L02T2;9479;1;2023-09-11 13:28:08
L02T2;2072;1;2023-09-12 18:31:42
L02T2;8259;0;2023-09-16 10:30:34
L02T2;6548;1;2023-09-13 14:09:35
L02T2;3193;1;2023-09-12 14:50:36
L02T2;1202;1;2023-09-11 13:55:18
L02T2;6802;1;2023-09-15 17:16:02
L02T2;1769;1;2023-09-12 18:14:55
L02T2;2178;1;2023-09-16 17:12:43
L02T2;3005;1;2023-09-18 04:06:17
L02T2;5101;1;2023-09-15 12:22:57
L02T2;5322;1;2023-09-17 10:12:12
L02T2;5179;1;2023-09-14 15:09:38
L02T2;6794;1;2023-09-16 16:11:12
L02T2;1382;1;2023-09-17 16:42:56
L02T2;9940;1;2023-09-11 21:25:39
L02T2;4083;1;2023-09-13 17:40:48
L02T2;2466;1;2023-09-11 18:58:16
L02T2;5471;1;2023-09-14 12:09:13
L02T2;6064;1;2023-09-18 00:38:23
L02T2;1083;1;2023-09-17 23:12:28
L02T2;5880;1;2023-09-12 17:02:47
L02T2;4844;1;2023-09-11 15:09:01
L02T2;8280;1;2023-09-11 21:28:14
L02T2;7497;1;2023-09-12 12:40:46
L02T2;8399;1;2023-09-14 16:41:50
L02T2;3314;1;2023-09-16 15:39:27
L02T2;6570;1;2023-09-12 22:35:38
L02T2;2745;1;2023-09-16 15:30:07
L02T2;9559;1;2023-09-17 19:12:16
L02T2;3092;1;2023-09-11 12:50:01
L02T2;3750;1;2023-09-12 16:18:17
L02T2;638;1;2023-09-11 16:19:08
L02T2;6208;1;2023-09-11 12:05:20
L02T2;4243;1;2023-09-18 00:08:17
L02T2;3952;1;2023-09-12 13:00:16
L02T2;6765;1;2023-09-17 23:56:03
L02T2;8379;1;2023-09-17 12:42:13
L02T2;6236;0;2023-09-17 18:25:12
L02T2;673;1;2023-09-11 20:28:10
L02T2;6239;1;2023-09-15 11:38:09
L02T2;2236;1;2023-09-12 09:47:45
L02T2;6017;1;2023-09-15 02:44:46
L02T2;4818;1;2023-09-11 13:48:24
L02T2;3213;1;2023-09-17 20:54:13
L02T2;5712;1;2023-09-11 14:31:00
L02T2;381;1;2023-09-17 20:00:19
L02T2;1732;1;2023-09-15 13:40:04
L02T2;434;1;2023-09-15 21:45:02
L02T2;924;1;2023-09-14 07:34:00
L02T2;2367;1;2023-09-11 17:29:28
L02T2;7063;1;2023-09-12 18:10:53
L02T2;7336;1;2023-09-17 23:47:57
L02T2;9350;1;2023-09-11 13:38:02
L02T2;2040;1;2023-09-11 13:36:28
L02T2;8752;1;2023-09-11 11:28:13
L02T2;1477;1;2023-09-12 15:07:24
L02T2;450;1;2023-09-14 16:03:06
L02T2;7484;1;2023-09-11 12:34:11
L02T2;2019;1;2023-09-11 21:45:10
L02T2;6002;1;2023-09-16 16:27:08
L02T2;2630;1;2023-09-11 17:12:07
L02T2;2014;1;2023-09-17 22:53:45
L02T2;5434;1;2023-09-13 16:16:56
L02T2;1224;1;2023-09-12 20:29:41
L02T2;7903;1;2023-09-17 15:52:12
L02T2;7395;1;2023-09-12 10:31:35
L02T2;108;1;2023-09-16 18:16:36
L02T2;4658;1;2023-09-12 16:40:26
L02T2;5127;1;2023-09-17 08:33:55
L02T2;2194;0;2023-09-17 21:08:36
L02T2;5340;1;2023-09-11 18:27:25
L02T2;1060;1;2023-09-12 17:14:16
L02T2;3490;1;2023-09-13 01:44:23
L02T2;7642;1;2023-09-13 19:55:20
L02T2;2740;1;2023-09-17 13:05:57
L02T2;3505;1;2023-09-15 08:22:31
L02T2;1898;1;2023-09-15 13:00:14
L02T2;9900;1;2023-09-12 17:16:11
L02T2;7835;1;2023-09-17 12:10:24
L02T2;4252;1;2023-09-14 14:54:29
L02T2;1351;1;2023-09-11 19:45:50
L02T2;6329;1;2023-09-17 22:30:21
L02T2;9717;1;2023-09-15 11:06:28
L02T2;3593;1;2023-09-11 13:06:28
L02T2;3538;1;2023-09-16 14:47:08
L02T2;5208;1;2023-09-14 17:53:05
L02T2;9113;1;2023-09-12 16:36:34
L02T2;5151;1;2023-09-17 14:55:57
L02T2;2619;1;2023-09-16 16:57:34
L02T2;812;1;2023-09-13 15:37:03
L02T2;7322;1;2023-09-15 11:41:36
L02T2;9847;1;2023-09-11 18:03:03
L02T2;6326;1;2023-09-11 14:24:31
L02T2;6073;1;2023-09-14 08:29:46
L02T2;3174;0;2023-09-17 11:18:44
L02T2;4000;1;2023-09-15 12:13:33
L02T2;7904;1;2023-09-11 18:56:05
L02T2;6799;1;2023-09-12 15:15:25
L02T2;5505;1;2023-09-11 15:00:11
L02T2;8569;1;2023-09-12 13:31:55
L02T2;3038;1;2023-09-17 18:24:52
L02T2;3102;1;2023-09-13 11:29:48
L02T2;6515;1;2023-09-11 13:15:08
L02T2;4259;1;2023-09-13 20:04:33
L02T2;2218;1;2023-09-17 17:59:12
L02T2;8010;1;2023-09-11 21:39:51
L02T2;4614;1;2023-09-15 12:37:15
L02T2;861;1;2023-09-18 00:43:58
L02T2;3510;1;2023-09-17 18:58:49
L02T2;6332;1;2023-09-18 00:16:00
L02T2;1111;1;2023-09-11 19:18:19
L02T2;3611;1;2023-09-13 14:54:09
L02T2;2509;1;2023-09-17 15:03:40
L02T2;8173;1;2023-09-14 14:19:20
L02T2;2670;1;2023-09-12 01:52:54
L02T2;2516;1;2023-09-11 15:46:30
L02T2;2085;1;2023-09-12 13:52:22
L02T2;2741;1;2023-09-12 12:54:40
L02T2;6716;1;2023-09-15 23:09:28
L02T2;848;1;2023-09-11 15:49:48
L02T2;6241;1;2023-09-11 16:44:40
L02T2;830;1;2023-09-11 15:06:44
L02T2;3798;1;2023-09-15 18:47:11
L02T2;3038;1;2023-09-18 00:10:39
L02T2;9664;1;2023-09-16 13:00:31
L02T2;6068;1;2023-09-14 10:47:04
L02T2;1206;1;2023-09-14 20:42:55
L02T2;3892;1;2023-09-12 16:28:19
L02T2;2860;1;2023-09-12 17:57:52
L02T2;9957;1;2023-09-12 16:25:12
L02T2;2701;1;2023-09-18 01:47:07
L02T2;7857;1;2023-09-11 12:37:28
L02T2;9068;1;2023-09-16 08:50:30
L02T2;3909;1;2023-09-18 00:10:52
L02T2;9029;1;2023-09-11 18:42:11
L02T2;2195;1;2023-09-12 08:35:18
L02T2;2500;1;2023-09-17 21:23:41
L02T2;5243;1;2023-09-13 23:35:28
L02T2;7614;1;2023-09-12 07:12:03
L02T2;7117;1;2023-09-15 22:44:51
L02T2;7002;1;2023-09-15 12:12:46
L02T2;6299;1;2023-09-11 21:23:19
L02T2;7646;1;2023-09-18 00:16:35
L02T2;5265;1;2023-09-16 15:46:39
L02T2;1008;1;2023-09-11 18:32:33
L02T2;1530;1;2023-09-12 17:18:39
L02T2;7901;1;2023-09-14 19:02:40
L02T2;6722;1;2023-09-12 17:10:11
L02T2;3277;1;2023-09-17 12:48:35
L02T2;2470;1;2023-09-16 16:29:12
L02T2;5080;1;2023-09-11 13:17:12
L02T2;2257;1;2023-09-11 21:23:18
L02T2;3701;1;2023-09-11 21:49:40
L02T2;4723;1;2023-09-18 01:12:19
L02T2;1997;1;2023-09-16 16:14:25
L02T2;2634;1;2023-09-17 12:22:40
L02T2;1886;1;2023-09-11 16:20:59
L02T2;1204;1;2023-09-17 13:35:18
L02T2;3506;1;2023-09-11 23:34:09
L02T2;8780;1;2023-09-11 16:04:20
L02T2;1289;1;2023-09-13 16:30:29
L02T3;174;1;2023-09-14 10:54:15
L02T3;6569;1;2023-09-15 13:31:44
L02T3;6722;1;2023-09-13 17:18:01
L02T3;3701;1;2023-09-11 22:18:00
L02T3;6064;1;2023-09-18 03:57:18
L02T3;1732;1;2023-09-15 13:58:03
L02T3;1769;1;2023-09-12 18:29:33
L02T3;5543;1;2023-09-12 20:08:22
L02T3;3506;1;2023-09-12 20:45:07
L02T3;3043;1;2023-09-13 07:40:14
L02T3;6541;1;2023-09-17 22:31:46
L02T3;5458;1;2023-09-14 11:58:32
L02T3;527;1;2023-09-13 16:35:34
L02T3;7839;1;2023-09-11 15:29:21
L02T3;7002;1;2023-09-17 22:46:16
L02T3;5277;1;2023-09-14 11:24:35
L02T3;1178;1;2023-09-17 20:38:42
L02T3;6321;1;2023-09-18 03:02:50
L02T3;1528;1;2023-09-12 16:16:26
L02T3;2476;1;2023-09-17 13:22:51
L02T3;9234;1;2023-09-17 20:43:50
L02T3;6760;1;2023-09-11 14:31:17
L02T3;4259;1;2023-09-13 20:38:34
L02T3;5231;1;2023-09-13 17:47:42
L02T3;4095;1;2023-09-17 23:14:24
L02T3;6810;1;2023-09-11 11:20:12
L02T3;3938;1;2023-09-11 16:23:48
L02T3;974;1;2023-09-11 15:49:17
L02T3;9641;1;2023-09-15 18:11:55
L02T3;2740;1;2023-09-17 13:13:25
L02T3;4738;1;2023-09-13 21:19:57
L02T3;8849;1;2023-09-18 03:40:26
L02T3;9029;1;2023-09-12 12:03:55
L02T3;4658;1;2023-09-12 16:44:03
L02T3;7860;1;2023-09-12 13:42:38
L02T3;8259;0;2023-09-16 10:42:33
L02T3;7435;1;2023-09-15 13:04:39
L02T3;5239;1;2023-09-13 20:51:33
L02T3;1615;1;2023-09-11 17:58:41
L02T3;6680;1;2023-09-15 15:32:14
L02T3;1784;1;2023-09-11 21:55:15
L02T3;2601;1;2023-09-11 13:57:12
L02T3;3271;1;2023-09-16 15:28:06
L02T3;2509;1;2023-09-17 15:13:03
L02T3;7734;1;2023-09-13 12:29:21
L02T3;8545;1;2023-09-13 13:24:33
L02T3;3425;1;2023-09-14 16:49:39
L02T3;1048;1;2023-09-16 13:52:07
L02T3;3628;1;2023-09-11 17:58:37
L02T3;5434;1;2023-09-13 16:39:21
L02T3;1363;0;2023-09-13 21:40:58
L02T3;951;1;2023-09-11 14:52:27
L02T3;3867;1;2023-09-12 12:00:42
L02T3;3005;1;2023-09-18 04:34:48
L02T3;8191;1;2023-09-17 11:42:40
L02T3;3312;1;2023-09-17 22:26:31
L02T3;8198;1;2023-09-17 23:23:08
L02T3;1204;1;2023-09-17 13:36:29
L02T3;5666;1;2023-09-14 19:02:15
L02T3;3138;1;2023-09-16 13:49:56
L02T3;6109;1;2023-09-12 16:04:26
L02T3;166;1;2023-09-13 14:24:49
L02T3;4152;1;2023-09-14 12:23:01
L02T3;2179;1;2023-09-12 11:39:55
L02T3;1881;0;2023-09-17 21:34:21
L02T3;2860;1;2023-09-12 18:00:38
L02T3;2670;1;2023-09-12 02:30:58
L02T3;875;1;2023-09-16 10:24:56
L02T3;59;1;2023-09-12 11:23:34
L02T3;812;1;2023-09-14 09:47:27
L02T3;6660;1;2023-09-13 14:03:01
L02T3;1572;1;2023-09-12 12:25:01
L02T3;7176;1;2023-09-16 17:27:53
L02T3;5725;1;2023-09-14 18:46:44
L02T3;7904;1;2023-09-11 19:02:25
L02T3;8857;1;2023-09-16 12:59:12
L02T3;84;0;2023-09-11 18:10:06
L02T3;4608;1;2023-09-14 14:12:45
L02T3;3538;1;2023-09-17 12:28:56
L02T3;6080;1;2023-09-11 15:50:05
L02T3;6908;1;2023-09-11 13:59:09
L02T3;924;1;2023-09-17 22:18:59
L02T3;4073;1;2023-09-17 16:22:51
L02T3;6329;1;2023-09-17 23:25:20
L02T3;1477;1;2023-09-12 16:10:55
L02T3;3257;1;2023-09-11 14:07:39
L02T3;6290;1;2023-09-16 20:21:37
L02T3;996;1;2023-09-17 21:07:25
L02T3;6236;0;2023-09-17 18:26:21
L02T3;5081;1;2023-09-16 15:04:48
L02T3;1997;1;2023-09-16 16:17:29
L02T3;9281;0;2023-09-17 13:40:59
L02T3;9683;1;2023-09-18 03:04:15
L02T3;9;1;2023-09-15 23:22:17
L02T3;5243;1;2023-09-17 03:37:04
L02T3;6017;1;2023-09-15 03:31:22
L02T3;6499;1;2023-09-17 17:23:17
L02T3;40;1;2023-09-16 19:02:03
L02T3;444;1;2023-09-12 11:01:14
L02T3;501;1;2023-09-11 15:11:43
L02T3;8475;1;2023-09-14 11:22:34
L02T3;968;1;2023-09-17 15:51:25
L02T3;2553;1;2023-09-15 10:04:05
L02T3;6212;1;2023-09-14 13:08:54
L02T3;6818;1;2023-09-11 13:56:45
L02T3;6548;1;2023-09-13 15:24:48
L02T3;6353;1;2023-09-11 11:04:52
L02T3;4818;1;2023-09-11 15:56:58
L02T3;9847;1;2023-09-11 18:59:42
L02T3;8173;1;2023-09-14 14:21:03
L02T3;2619;1;2023-09-18 01:26:10
L02T3;1404;1;2023-09-18 00:36:53
L02T3;802;1;2023-09-12 11:42:18
L02T3;6029;1;2023-09-11 21:20:22
L02T3;1863;1;2023-09-11 20:08:29
L02T3;3952;1;2023-09-12 14:05:17
L02T3;5253;1;2023-09-11 21:38:39
L02T3;3040;1;2023-09-15 11:04:52
L02T3;5389;1;2023-09-17 07:36:32
L02T3;691;1;2023-09-11 20:06:46
L02T3;939;1;2023-09-17 11:07:15
L02T3;2672;1;2023-09-17 18:14:24
L02T3;7576;1;2023-09-11 16:36:22
L02T3;1514;1;2023-09-12 20:33:59
L02T3;3798;1;2023-09-15 23:33:30
L02T3;4629;1;2023-09-11 21:36:08
L02T3;4078;1;2023-09-17 21:15:54
L02T3;3213;1;2023-09-17 21:36:30
L02T3;517;1;2023-09-17 23:08:55
L02T3;5924;1;2023-09-17 20:55:31
L02T3;415;1;2023-09-13 11:56:34
L02T3;7711;0;2023-09-17 20:54:38
L02T3;7810;1;2023-09-11 17:19:46
L02T3;9466;1;2023-09-13 09:37:10
L02T3;7038;1;2023-09-18 01:18:09
L02T3;6864;1;2023-09-16 16:37:57
L02T3;5127;1;2023-09-17 08:36:21
L02T3;3176;1;2023-09-13 14:21:13
L02T3;5937;1;2023-09-13 12:41:18
L02T3;2342;1;2023-09-17 13:42:01
L02T3;327;1;2023-09-01 10:31:29
L02T3;9056;1;2023-09-11 11:35:37
L02T3;6332;1;2023-09-18 00:55:00
L02T3;3177;1;2023-09-12 11:35:24
L02T3;8010;1;2023-09-13 15:33:09
L02T3;9909;1;2023-09-14 14:55:14
L02T3;2652;1;2023-09-11 14:39:25
L02T3;3951;1;2023-09-17 13:28:08
L02T3;7254;1;2023-09-13 12:52:33
L02T3;6629;1;2023-09-13 10:02:23
L02T3;7757;1;2023-09-13 14:37:50
L02T3;5670;1;2023-09-12 07:20:06
L02T3;1311;1;2023-09-13 18:00:04
L02T3;3433;1;2023-09-14 21:40:03
L02T3;6255;1;2023-09-13 16:41:26
L02T3;638;1;2023-09-11 17:04:35
L02T3;6549;1;2023-09-14 13:55:04
L02T3;3750;1;2023-09-12 16:23:03
L02T3;8569;1;2023-09-12 19:20:04
L02T3;4898;1;2023-09-11 20:06:42
L02T3;206;1;2023-09-17 23:49:57
L02T3;2218;1;2023-09-17 18:10:19
L02T3;5819;1;2023-09-11 15:41:28
L02T3;5151;0;2023-09-17 16:10:02
L02T3;2253;1;2023-09-16 10:11:10
L02T3;5316;1;2023-09-11 15:41:22
L02T3;5322;1;2023-09-17 10:15:58
L02T3;6547;1;2023-09-15 13:22:27
L02T3;7224;1;2023-09-13 21:03:26
L02T3;8678;1;2023-09-11 22:53:45
L02T3;25;1;2023-09-12 17:29:22
L02T3;9350;1;2023-09-11 13:47:17
L02T3;2148;1;2023-09-11 08:12:29
L02T3;5831;1;2023-09-17 17:04:42
L02T3;2900;1;2023-09-11 07:16:49
L02T3;6113;1;2023-09-12 14:38:21
L02T3;1775;1;2023-09-14 15:09:26
L02T3;5208;1;2023-09-14 18:07:32
L02T3;5519;1;2023-09-16 17:52:07
L02T3;3889;1;2023-09-11 16:40:28
L02T3;7918;1;2023-09-14 13:27:22
L02T3;2194;0;2023-09-17 19:04:43
L02T3;6341;1;2023-09-11 14:14:20
L02T3;4009;1;2023-09-12 20:37:25
L02T3;4083;1;2023-09-13 17:43:26
L02T3;2809;1;2023-09-17 10:07:25
L02T3;6484;1;2023-09-11 21:07:35
L02T3;108;1;2023-09-17 14:59:49
L02T3;3074;1;2023-09-12 13:18:55
L02T3;2178;1;2023-09-16 17:30:23
L02T3;9056;1;2023-09-11 17:13:37
L02T3;8024;1;2023-09-18 00:33:58
L02T3;5282;1;2023-09-17 12:05:03
L02T3;3686;1;2023-09-11 14:35:39
L02T3;5281;1;2023-09-16 10:45:28
L02T3;2745;1;2023-09-17 16:15:05
L02T3;8836;1;2023-09-14 08:20:04
L02T3;2131;1;2023-09-15 17:32:39
L02T3;1706;1;2023-09-14 18:48:11
L02T3;9523;1;2023-09-13 17:55:06
L02T3;2227;1;2023-09-12 15:41:01
L02T3;6042;1;2023-09-14 17:22:45
L02T3;8624;1;2023-09-15 17:17:25
L02T3;450;1;2023-09-14 18:55:09
L02T3;9957;1;2023-09-12 16:25:49
L02T3;1331;1;2023-09-13 17:40:19
L02T3;8651;0;2023-09-11 15:40:38
L02T3;2854;1;2023-09-17 17:04:48
L02T3;4111;1;2023-09-13 13:25:45
L02T3;7543;1;2023-09-11 17:55:18
L02T3;4417;1;2023-09-16 15:22:25
L02T3;4718;1;2023-09-18 04:47:08
L02T3;8530;1;2023-09-11 19:08:46
L02T3;8292;1;2023-09-12 03:58:12
L02T3;2500;1;2023-09-17 21:31:48
L02T3;6541;1;2023-09-17 14:44:14
L02T3;1385;1;2023-09-15 13:08:56
L02T3;1564;1;2023-09-12 21:24:20
L02T3;2055;1;2023-09-11 14:06:31
L02T3;1145;1;2023-09-14 11:06:28
L02T3;708;1;2023-09-14 11:30:39
L02T3;1253;1;2023-09-13 12:13:03
L02T3;6326;1;2023-09-11 14:41:02
L02T3;8329;1;2023-09-11 16:02:19
L02T3;3140;1;2023-09-17 22:24:46
L02T3;3875;1;2023-09-13 12:10:41
L02T3;2040;1;2023-09-11 14:14:17
L02T3;2163;1;2023-09-17 19:13:16
L02T3;8379;1;2023-09-17 12:52:50
L02T3;7606;1;2023-09-11 14:30:36
L02T3;4320;1;2023-09-15 12:53:43
L02T3;3611;1;2023-09-13 15:30:17
L02T3;4166;1;2023-09-12 16:43:55
L02T3;8482;1;2023-09-11 17:24:13
L02T3;1898;1;2023-09-15 13:08:39
L02T3;861;1;2023-09-18 03:47:50
L02T3;4816;1;2023-09-12 14:40:51
L02T3;2257;1;2023-09-12 11:34:55
L02T3;3593;1;2023-09-11 13:50:14
L02T3;6601;1;2023-09-13 19:53:49
L02T3;1224;1;2023-09-12 21:31:29
L02T3;2741;1;2023-09-12 12:59:04
L02T3;3630;1;2023-09-11 17:56:51
L02T3;898;0;2023-09-17 15:30:54
L02T3;7601;1;2023-09-11 10:10:33
L02T3;7159;1;2023-09-11 15:28:27
L02T3;5737;1;2023-09-12 16:21:11
L02T3;9782;1;2023-09-17 17:58:03
L02T3;5227;1;2023-09-12 18:33:44
L02T3;7497;1;2023-09-14 14:36:23
L02T3;1060;1;2023-09-13 17:07:32
L02T3;8691;1;2023-09-12 12:23:06
L02T3;9717;1;2023-09-15 11:59:51
L02T3;6784;1;2023-09-13 17:48:14
L02T3;2054;1;2023-09-11 16:01:11
L02T3;3950;1;2023-09-11 16:26:46
L02T3;9714;1;2023-09-13 19:37:07
L02T3;7139;1;2023-09-12 19:23:42
L02T3;6340;1;2023-09-13 19:47:18
L02T3;5712;1;2023-09-11 15:20:42
L02T3;6817;1;2023-09-16 23:38:05
L02T3;8720;1;2023-09-11 14:23:29
L02T3;6239;1;2023-09-16 10:47:45
L02T3;614;1;2023-09-17 18:30:58
L02T3;2701;1;2023-09-18 04:12:45
L02T3;5340;1;2023-09-11 18:54:16
L02T3;830;1;2023-09-11 14:53:32
L02T3;240;1;2023-09-12 16:42:19
L02T3;3909;1;2023-09-18 00:57:10
L02T3;7336;0;2023-09-18 01:02:31
L02T3;3277;1;2023-09-17 21:35:27
L02T3;3092;1;2023-09-12 09:45:13
L02T3;3573;1;2023-09-12 12:04:58
L02T3;3314;1;2023-09-16 16:05:30
L02T3;821;1;2023-09-17 19:49:37
L02T3;8777;1;2023-09-11 16:32:52
L02T3;5471;1;2023-09-14 23:05:53
L02T3;2697;1;2023-09-12 16:31:15
L02T3;7646;1;2023-09-18 00:23:49
L02T3;4927;1;2023-09-12 13:41:55
L02T3;6098;1;2023-09-11 20:44:50
L02T3;6916;0;2023-09-17 17:32:53
L02T3;3505;1;2023-09-15 08:28:40
L02T3;93;1;2023-09-12 16:48:34
L02T3;8632;1;2023-09-14 13:18:43
L02T3;2474;1;2023-09-11 11:56:06
L02T3;3672;1;2023-09-17 11:26:47
L02T3;4306;1;2023-09-15 18:45:49
L02T3;5996;1;2023-09-17 22:03:57
L02T3;9479;1;2023-09-12 11:25:07
L02T3;3193;1;2023-09-17 14:45:57
L02T3;4351;1;2023-09-16 20:04:31
L02T3;7284;1;2023-09-17 23:41:59
L02T3;7399;1;2023-09-12 16:22:54
L02T3;9994;1;2023-09-12 20:34:21
L02T3;3490;1;2023-09-13 01:52:04
L02T3;7835;1;2023-09-17 12:32:27
L02T3;783;1;2023-09-17 02:07:38
L02T3;3059;1;2023-09-11 14:56:15
L02T3;8280;1;2023-09-12 15:45:40
L02T3;1788;1;2023-09-17 21:51:06
L02T3;2813;1;2023-09-13 16:26:54
L02T3;1902;1;2023-09-11 14:16:50
L02T3;6483;1;2023-09-12 09:38:57
L02T3;6765;1;2023-09-18 00:18:53
L02T3;6794;1;2023-09-17 22:54:22
L02T3;3102;1;2023-09-13 16:57:08
L02T3;5680;1;2023-09-12 22:12:09
L02T3;1250;1;2023-09-13 12:06:45
L02T3;7484;1;2023-09-11 12:46:57
L02T3;2502;1;2023-09-17 19:44:43
L02T3;3416;1;2023-09-17 01:20:22
L02T3;78;1;2023-09-12 12:39:28
L02T3;848;1;2023-09-11 17:44:36
L02T3;7587;1;2023-09-11 18:52:35
L02T3;3174;0;2023-09-17 11:20:38
L02T3;5627;1;2023-09-14 12:31:41
L02T3;1609;1;2023-09-13 12:50:39
L02T3;2367;1;2023-09-11 17:40:39
L02T3;2894;1;2023-09-12 13:49:53
L02T3;103;1;2023-09-11 17:49:08
L02T3;7741;1;2023-09-12 18:55:00
L02T3;3058;0;2023-09-13 18:07:11
L02T3;5905;1;2023-09-13 12:30:23
L02T3;9950;1;2023-09-15 13:33:40
L02T3;7351;1;2023-09-16 16:28:41
L02T3;8169;1;2023-09-12 16:42:43
L02T3;4632;1;2023-09-16 11:57:19
L02T3;9561;1;2023-09-17 19:58:07
L02T3;959;1;2023-09-12 08:01:45
L02T3;8803;1;2023-09-15 20:56:33
L02T3;1131;1;2023-09-11 16:20:12
L02T3;3038;1;2023-09-17 19:09:13
L02T3;299;1;2023-09-11 08:39:24
L02T3;9532;1;2023-09-11 18:48:40
L02T3;2516;1;2023-09-11 15:53:20
L02T3;2072;1;2023-09-12 19:17:23
L02T3;4054;1;2023-09-17 19:33:15
L02T3;8749;1;2023-09-13 15:00:43
L02T3;1382;1;2023-09-17 17:24:13
L02T3;4617;1;2023-09-12 14:15:35
L02T3;4723;1;2023-09-18 01:14:34
L02T3;4482;1;2023-09-12 15:08:56
L02T3;8399;1;2023-09-14 17:48:56
L02T3;2410;1;2023-09-16 08:00:53
L02T3;8212;1;2023-09-17 16:23:54
L02T3;2310;1;2023-09-17 19:24:54
L02T3;1952;1;2023-09-14 10:00:06
L02T3;2088;1;2023-09-17 16:31:38
L02T3;7002;1;2023-09-16 07:35:15
L02T3;8780;1;2023-09-17 14:11:00
L02T3;8752;1;2023-09-13 16:34:17
L02T3;4844;1;2023-09-11 15:49:18
L02T3;4651;1;2023-09-18 00:56:32
L02T3;5179;1;2023-09-15 09:45:19
L02T3;3981;1;2023-09-11 17:13:39
L02T3;1289;1;2023-09-13 18:42:34
L02T3;7633;1;2023-09-12 19:42:51
L02T3;1351;1;2023-09-11 20:13:45
L02T3;5302;1;2023-09-16 10:28:42
L02T3;2646;1;2023-09-16 21:49:07
L02T3;5781;1;2023-09-13 23:21:33
L02T3;4339;1;2023-09-17 21:03:47
L02T3;6539;1;2023-09-12 17:26:58
L02T3;6842;1;2023-09-18 04:36:47
L02T3;8676;1;2023-09-17 16:01:50
L02T3;78;1;2023-09-13 13:09:19
L02T3;2014;1;2023-09-17 23:18:16
L02T3;3223;1;2023-09-17 22:27:22
L02T3;8058;1;2023-09-11 10:20:55
L02T3;4000;1;2023-09-15 12:58:30
L02T3;3191;1;2023-09-11 17:24:40
L02T3;9900;1;2023-09-12 17:33:44
L02T3;898;1;2023-09-17 23:54:23
L02T3;2634;1;2023-09-17 13:32:42
L02T3;6570;1;2023-09-12 23:00:02
L02T3;2977;1;2023-09-17 21:13:37
L02T3;3534;1;2023-09-13 16:42:41
L02T3;5582;1;2023-09-12 19:35:04
L02T3;2718;1;2023-09-13 17:04:35
L02T3;7733;1;2023-09-14 10:00:09
L02T3;7063;1;2023-09-13 16:44:54
L02T3;244;1;2023-09-17 01:52:16
L02T3;4831;1;2023-09-12 10:07:23
L02T3;5229;1;2023-09-15 13:24:29
L02T3;6299;1;2023-09-11 21:44:22
L02T3;7752;1;2023-09-16 12:11:46
L02T3;2039;1;2023-09-17 16:07:57
L02T3;5597;1;2023-09-17 13:20:57
L02T3;4397;1;2023-09-11 18:46:34
L02T3;7473;1;2023-09-12 13:04:31
L02T3;5265;1;2023-09-16 15:43:55
L02T3;4985;1;2023-09-16 19:27:42
L02T3;6802;1;2023-09-15 18:05:09
L02T3;9068;1;2023-09-16 16:17:42
L02T3;9331;1;2023-09-15 15:28:37
L02T3;7296;1;2023-09-15 21:12:05
L02T3;5552;1;2023-09-17 18:31:55
L02T3;3510;1;2023-09-17 19:16:15
L02T3;2627;1;2023-09-11 20:02:01
L02T3;3038;1;2023-09-18 00:02:11
L02T3;2019;1;2023-09-11 22:00:12
L02T3;9143;1;2023-09-12 17:17:07
L02T3;5404;1;2023-09-14 13:08:08
L02T3;6241;1;2023-09-12 13:07:03
L02T3;971;1;2023-09-17 20:51:12
L02T3;2927;0;2023-09-17 22:27:33
L02T3;665;1;2023-09-17 08:03:58
L02T3;3881;1;2023-09-17 22:44:22
L02T3;3193;1;2023-09-13 19:57:25
L02T3;6348;1;2023-09-16 17:30:19
L02T3;9358;1;2023-09-12 11:16:25
L02T3;7834;1;2023-09-16 11:57:06
L02T3;7464;1;2023-09-16 11:31:24
L02T3;3423;1;2023-09-14 11:23:55
L02T3;7092;1;2023-09-11 12:44:48
L02T3;2595;1;2023-09-15 21:40:43
L02T3;4390;1;2023-09-17 15:23:28
L02T3;2266;1;2023-09-12 16:29:47
L02T3;381;1;2023-09-17 19:21:51
L02T3;8833;1;2023-09-14 14:35:42
L02T3;4337;1;2023-09-12 16:04:17
L02T3;1530;1;2023-09-12 17:31:57
L02T3;665;1;2023-09-12 16:50:22
L02T3;5266;1;2023-09-17 23:51:57
L02T3;7901;1;2023-09-14 19:35:48
L02T3;7259;1;2023-09-13 10:00:11
L02T3;6478;1;2023-09-17 20:47:16
L02T3;9026;1;2023-09-11 14:56:42
L02T3;7427;1;2023-09-17 08:06:50
L02T3;4131;1;2023-09-11 18:17:46
L02T3;3844;1;2023-09-11 20:41:44
L02T3;6471;1;2023-09-17 22:55:59
L02T3;6999;1;2023-09-12 14:28:20
L02T3;8266;0;2023-09-17 22:59:53
L02T3;2390;1;2023-09-12 11:44:13
L02T3;4601;1;2023-09-12 14:12:46
L02T3;9948;1;2023-09-12 09:21:23
L02T3;2149;1;2023-09-17 23:18:47
L02T3;8737;1;2023-09-17 17:59:23
L02T3;267;1;2023-09-11 21:35:11
L02T3;1362;1;2023-09-11 13:01:02
L02T3;5880;1;2023-09-12 19:26:09
L02T3;5080;1;2023-09-11 14:14:54
L02T3;8374;1;2023-09-14 10:30:10
L02T3;248;1;2023-09-14 12:31:55
L02T3;3273;1;2023-09-17 21:04:38
L02T3;8944;1;2023-09-18 00:52:09
L02T3;6716;1;2023-09-16 16:04:31
L02T3;7476;1;2023-09-11 21:57:46
L02T3;5703;1;2023-09-11 14:53:24
L02T3;4817;1;2023-09-17 18:00:44
L02T3;9726;1;2023-09-17 12:35:27
L02T3;3688;1;2023-09-11 17:51:53
L02T3;2368;1;2023-09-11 23:04:08
L02T3;237;0;2023-09-18 03:36:25
L02T3;635;1;2023-09-13 20:35:46
L02T3;7614;1;2023-09-12 08:16:09
L02T3;3579;1;2023-09-11 11:18:57
L02T3;6826;1;2023-09-17 12:58:16
L02T3;5776;1;2023-09-13 16:49:41
L02T3;4252;1;2023-09-15 12:29:48
L02T3;7839;1;2023-09-13 19:31:44
L02T3;8498;1;2023-09-17 16:43:11
L02T3;5505;1;2023-09-11 15:09:38
L02T3;2195;1;2023-09-12 08:45:25
L02T3;9903;1;2023-09-12 11:27:54
L02T3;6285;1;2023-09-11 13:50:44
L02T3;2236;1;2023-09-12 10:38:16
L02T3;8642;0;2023-09-11 21:27:46
L02T3;2466;1;2023-09-11 19:36:17
L02T3;3251;1;2023-09-18 01:22:04
L02T3;1395;1;2023-09-13 18:08:03
L02T3;463;1;2023-09-14 19:12:45
L02T3;2085;0;2023-09-12 14:01:37
L02T3;2206;1;2023-09-15 14:50:18
L02T3;8104;1;2023-09-18 00:09:10
L02T3;6882;1;2023-09-12 16:35:50
L02T3;8830;0;2023-09-13 20:48:45
L02T3;9881;1;2023-09-11 16:29:04
L02T3;4592;1;2023-09-13 15:28:21
L02T3;7642;1;2023-09-17 16:33:06
L02T3;1083;1;2023-09-17 23:50:42
L02T3;2043;1;2023-09-13 13:26:22
L02T3;4930;1;2023-09-16 13:52:40
L02T3;2123;1;2023-09-11 17:48:46
L02T3;9527;1;2023-09-11 16:10:52
L02T3;3178;1;2023-09-12 19:13:05
L02T3;3996;1;2023-09-13 21:24:26
L02T3;9888;1;2023-09-12 09:19:08
L02T3;485;1;2023-09-12 18:15:14
L02T3;3333;1;2023-09-11 18:46:26
L02T3;47;1;2023-09-17 15:01:38
L02T3;3407;1;2023-09-12 22:23:18
L02T3;4640;0;2023-09-14 11:13:30
L02T3;3597;1;2023-09-13 10:07:11
L02T3;4820;1;2023-09-16 12:43:43
L02T3;6515;1;2023-09-15 19:10:23
L02T3;4243;1;2023-09-18 00:11:59
L02T3;3220;1;2023-09-14 23:14:34
L02T3;9664;1;2023-09-16 13:17:08
L02T3;6073;1;2023-09-14 13:12:40
L02T3;9252;1;2023-09-13 17:14:14
L02T3;1008;1;2023-09-11 18:46:39
L02T3;420;1;2023-09-18 01:09:21
L02T3;3812;1;2023-09-16 20:26:01
L02T3;3892;1;2023-09-13 11:50:12
L02T3;8297;1;2023-09-17 02:38:48
L02T3;5410;1;2023-09-17 20:44:46
L02T3;4310;1;2023-09-15 16:07:39
L02T3;2057;1;2023-09-13 12:32:08
L02T3;9701;1;2023-09-16 22:48:59
L02T3;3772;1;2023-09-16 20:43:05
L02T3;4935;1;2023-09-11 23:48:10
L02T3;1111;1;2023-09-12 12:36:26
L02T3;3422;1;2023-09-11 17:30:04
L02T3;8397;1;2023-09-13 11:30:57
L02T3;4614;1;2023-09-17 17:51:41
L02T3;7266;1;2023-09-15 19:51:07
L02T3;7900;1;2023-09-17 20:27:55
L02T3;2104;1;2023-09-17 17:47:08
L02T3;2630;1;2023-09-11 17:27:36
L02T3;8377;1;2023-09-14 14:36:07
L02T3;843;1;2023-09-12 00:44:06
L02T3;1202;1;2023-09-12 06:14:16
L02T3;7652;1;2023-09-13 11:52:52
L02T3;2060;1;2023-09-18 00:10:50
L02T3;7938;1;2023-09-11 16:18:25
L02T3;7395;1;2023-09-13 11:03:41
L02T3;7857;1;2023-09-15 12:04:56
L02T3;1828;1;2023-09-11 14:57:56
L02T3;9241;1;2023-09-13 12:15:41
L02T3;6068;1;2023-09-14 11:18:03
L02T3;7125;1;2023-09-11 19:53:34
L02T3;3395;1;2023-09-13 12:15:31
L02T3;1831;1;2023-09-17 22:08:45
L02T3;6312;1;2023-09-13 12:59:36
L02T3;3779;1;2023-09-18 01:09:09
L02T3;9559;1;2023-09-17 20:04:04
L02T3;7117;1;2023-09-15 22:56:07
L02T3;2010;1;2023-09-17 18:37:32
L02T3;7345;1;2023-09-18 00:48:00
L02T3;6930;1;2023-09-15 10:51:40
L02T3;9940;1;2023-09-12 12:40:04
L02T3;1187;1;2023-09-17 15:54:41
L02T3;7322;1;2023-09-15 15:57:01
L02T3;6799;1;2023-09-13 12:14:57
L02T3;380;1;2023-09-17 22:32:22
L02T3;9973;1;2023-09-11 10:49:33
L02T3;7197;1;2023-09-11 13:11:56
L02T3;6745;1;2023-09-13 00:04:18
L02T3;1886;1;2023-09-11 17:01:50
L02T3;4698;1;2023-09-11 20:22:54
L02T3;4542;1;2023-09-16 14:49:57
L02T3;4567;1;2023-09-12 07:22:45
L02T3;1917;1;2023-09-17 14:21:09
L02T3;1206;1;2023-09-16 15:21:41
L02T3;494;1;2023-09-14 17:31:46
L02T3;7733;1;2023-09-15 17:58:22
L02T3;1249;1;2023-09-13 20:48:58
L02T3;2470;1;2023-09-16 16:48:20
L02T3;8785;1;2023-09-12 10:46:18
L02T3;2261;1;2023-09-13 11:32:57
L02T3;3937;1;2023-09-15 16:37:48
L02T3;673;1;2023-09-11 21:30:38
L02T3;6272;1;2023-09-11 16:27:17
L02T3;1728;1;2023-09-13 14:30:21
L02T3;5101;1;2023-09-16 13:40:43
L02T3;434;1;2023-09-15 22:25:26
L02T3;3469;1;2023-09-11 10:24:01
L02T3;6991;1;2023-09-11 20:21:48
L02T3;9113;1;2023-09-12 16:47:43
L02T3;5431;0;2023-09-17 18:25:18
L02T3;6208;1;2023-09-11 14:29:05
L02T3;7903;1;2023-09-17 17:58:35
L02T3;752;1;2023-09-17 18:41:58
L02T3;6002;1;2023-09-16 17:33:34
L02T4;7642;1;2023-09-17 16:47:35
L02T4;9056;1;2023-09-11 18:23:34
L02T4;527;1;2023-09-14 16:01:11
L02T4;1997;1;2023-09-16 16:22:45
L02T4;8482;1;2023-09-12 12:55:55
L02T4;8777;1;2023-09-11 18:12:48
L02T4;8849;1;2023-09-18 03:52:34
L02T4;8377;1;2023-09-17 22:40:13
L02T4;4320;1;2023-09-17 17:17:57
L02T4;8676;1;2023-09-17 16:15:08
L02T4;8104;1;2023-09-18 00:14:52
L02T4;5179;1;2023-09-15 12:09:21
L02T4;9940;1;2023-09-12 13:46:15
L02T4;8857;1;2023-09-16 14:23:50
L02T4;8530;1;2023-09-11 20:47:03
L02T4;6484;1;2023-09-13 15:49:26
L02T4;665;1;2023-09-12 17:43:05
L02T4;2123;1;2023-09-11 18:27:38
L02T4;5819;1;2023-09-12 12:06:44
L02T4;1530;1;2023-09-12 18:05:39
L02T4;5281;1;2023-09-16 11:42:39
L02T4;3686;1;2023-09-12 10:14:20
L02T4;6109;1;2023-09-12 16:48:36
L02T4;3333;1;2023-09-11 20:37:32
L02T4;1204;1;2023-09-17 13:50:56
L02T4;6212;0;2023-09-14 14:56:33
L02T4;9957;1;2023-09-13 10:18:28
L02T4;4898;1;2023-09-11 21:20:10
L02T4;485;1;2023-09-14 18:07:12
L02T4;1784;1;2023-09-11 22:08:46
L02T4;8569;1;2023-09-13 09:43:54
L02T4;6817;1;2023-09-17 00:37:37
L02T4;1395;1;2023-09-13 20:35:57
L02T4;2516;1;2023-09-11 16:12:46
L02T4;6765;1;2023-09-18 00:51:40
L02T4;1828;0;2023-09-11 15:33:09
L02T4;6541;1;2023-09-17 22:46:05
L02T4;5880;1;2023-09-12 21:32:17
L02T4;2595;1;2023-09-15 22:59:57
L02T4;4111;1;2023-09-13 14:14:23
L02T4;4629;1;2023-09-11 19:04:00
L02T4;3433;1;2023-09-14 22:37:31
L02T4;8058;1;2023-09-11 10:13:55
L02T4;93;1;2023-09-12 16:59:35
L02T4;3043;1;2023-09-14 07:25:19
L02T4;3038;1;2023-09-17 19:53:38
L02T4;6353;1;2023-09-11 12:35:35
L02T4;996;1;2023-09-17 21:04:29
L02T4;2410;1;2023-09-16 09:40:44
L02T4;7543;1;2023-09-11 18:44:32
L02T4;7860;1;2023-09-12 15:20:17
L02T4;4818;1;2023-09-11 16:46:36
L02T4;861;1;2023-09-18 04:40:02
L02T4;6002;1;2023-09-16 18:20:52
L02T4;5434;1;2023-09-13 16:47:46
L02T4;9026;1;2023-09-11 15:52:33
L02T4;8737;1;2023-09-17 19:12:27
L02T4;3193;1;2023-09-17 18:26:54
L02T4;6570;1;2023-09-13 11:04:18
L02T4;3505;1;2023-09-15 08:36:04
L02T4;7614;1;2023-09-13 17:33:16
L02T4;4152;1;2023-09-15 12:28:27
L02T4;3177;1;2023-09-14 10:38:50
L02T4;78;1;2023-09-13 12:29:56
L02T4;3534;1;2023-09-13 16:40:19
L02T4;4614;1;2023-09-17 23:31:52
L02T4;7117;1;2023-09-15 23:01:04
L02T4;174;1;2023-09-14 11:56:10
L02T4;3996;1;2023-09-13 22:27:03
L02T4;1253;1;2023-09-13 16:14:16
L02T4;5322;1;2023-09-17 11:57:19
L02T4;7159;1;2023-09-11 15:56:26
L02T4;2060;1;2023-09-17 22:47:16
L02T4;783;1;2023-09-17 02:46:43
L02T4;9909;1;2023-09-14 14:58:14
L02T4;1060;1;2023-09-17 13:34:25
L02T4;4252;1;2023-09-17 15:18:59
L02T4;4985;1;2023-09-17 17:47:29
L02T4;4095;1;2023-09-17 23:22:28
L02T4;5410;1;2023-09-17 21:04:05
L02T4;3314;1;2023-09-16 18:13:46
L02T4;3909;1;2023-09-18 01:40:46
L02T4;2014;1;2023-09-18 00:00:15
L02T4;971;1;2023-09-17 21:05:36
L02T4;6722;1;2023-09-14 12:03:37
L02T4;8691;1;2023-09-12 13:25:33
L02T4;4243;1;2023-09-18 00:23:46
L02T4;2697;1;2023-09-12 17:31:06
L02T4;9113;1;2023-09-13 09:05:09
L02T4;450;1;2023-09-14 19:00:50
L02T4;1706;1;2023-09-14 18:51:08
L02T4;5081;1;2023-09-16 15:21:32
L02T4;9664;1;2023-09-16 13:56:16
L02T4;4617;1;2023-09-17 13:00:22
L02T4;9143;1;2023-09-15 17:06:31
L02T4;2368;1;2023-09-15 14:06:13
L02T4;5737;1;2023-09-12 17:22:57
L02T4;7476;1;2023-09-12 14:09:47
L02T4;6255;1;2023-09-13 18:56:35
L02T4;1477;1;2023-09-12 16:47:42
L02T4;1111;1;2023-09-14 21:19:43
L02T4;7345;1;2023-09-18 01:07:24
L02T4;240;1;2023-09-12 23:19:39
L02T4;7752;1;2023-09-16 13:55:56
L02T4;9714;1;2023-09-14 21:48:51
L02T4;8803;1;2023-09-15 21:48:03
L02T4;614;1;2023-09-17 19:59:44
L02T4;3425;1;2023-09-15 15:10:59
L02T4;3938;1;2023-09-12 13:26:48
L02T4;1083;1;2023-09-18 00:36:59
L02T4;6326;1;2023-09-11 15:19:47
L02T4;9950;1;2023-09-15 14:55:45
L02T4;2057;1;2023-09-13 21:45:42
L02T4;6299;1;2023-09-11 23:12:01
L02T4;2195;1;2023-09-12 17:42:02
L02T4;2163;1;2023-09-17 20:08:55
L02T4;25;1;2023-09-12 17:39:50
L02T4;5905;1;2023-09-15 12:14:38
L02T4;6916;0;2023-09-17 15:03:16
L02T4;4820;1;2023-09-16 13:45:39
L02T4;8399;1;2023-09-14 18:52:17
L02T4;463;1;2023-09-14 19:25:37
L02T4;2040;1;2023-09-11 15:56:37
L02T4;8651;1;2023-09-17 13:07:25
L02T4;5627;1;2023-09-15 11:20:20
L02T4;6340;1;2023-09-13 20:23:34
L02T4;1769;1;2023-09-12 19:39:35
L02T4;6073;1;2023-09-15 08:04:53
L02T4;2509;1;2023-09-17 15:16:50
L02T4;9358;1;2023-09-12 11:32:06
L02T4;1385;1;2023-09-15 13:37:49
L02T4;6799;1;2023-09-15 11:49:07
L02T4;5282;1;2023-09-17 18:06:41
L02T4;7497;1;2023-09-13 13:02:36
L02T4;1206;1;2023-09-16 21:47:39
L02T4;3701;1;2023-09-12 17:26:41
L02T4;1528;1;2023-09-12 17:20:17
L02T4;5277;1;2023-09-14 12:25:27
L02T4;2266;1;2023-09-12 16:57:42
L02T4;3611;1;2023-09-15 15:05:37
L02T4;4542;1;2023-09-16 15:13:48
L02T4;635;1;2023-09-17 15:33:40
L02T4;2253;1;2023-09-16 10:57:40
L02T4;7427;1;2023-09-16 17:44:44
L02T4;9561;1;2023-09-17 20:49:35
L02T4;2854;0;2023-09-17 18:12:52
L02T4;2502;1;2023-09-17 20:26:59
L02T4;4131;1;2023-09-12 17:13:17
L02T4;1917;1;2023-09-17 17:48:43
L02T4;6483;0;2023-09-15 11:28:15
L02T4;4608;1;2023-09-14 15:25:32
L02T4;4632;1;2023-09-17 11:41:25
L02T4;4337;1;2023-09-13 16:30:38
L02T4;6908;1;2023-09-12 17:21:25
L02T4;4306;1;2023-09-15 20:38:34
L02T4;1311;1;2023-09-17 15:50:26
L02T4;3251;1;2023-09-18 00:36:15
L02T4;8642;0;2023-09-11 22:27:27
L02T4;5776;1;2023-09-13 16:50:51
L02T4;3628;1;2023-09-11 20:10:36
L02T4;6064;0;2023-09-18 04:27:38
L02T4;8475;1;2023-09-17 12:43:43
L02T4;84;1;2023-09-12 08:29:23
L02T4;2043;1;2023-09-13 14:13:04
L02T4;5996;0;2023-09-17 23:01:03
L02T4;4640;0;2023-09-14 13:58:46
L02T4;5725;1;2023-09-14 19:13:45
L02T4;3510;1;2023-09-17 19:28:01
L02T4;5431;0;2023-09-17 18:25:42
L02T4;9350;1;2023-09-11 14:02:20
L02T4;6794;1;2023-09-17 21:20:37
L02T4;3038;1;2023-09-18 01:08:17
L02T4;7038;1;2023-09-18 01:45:18
L02T4;5519;1;2023-09-16 19:27:55
L02T4;2634;1;2023-09-17 14:19:10
L02T4;3273;1;2023-09-17 21:38:55
L02T4;3573;1;2023-09-12 12:16:02
L02T4;9701;1;2023-09-16 23:21:04
L02T4;2218;1;2023-09-17 18:39:43
L02T4;2977;1;2023-09-17 22:17:26
L02T4;8379;1;2023-09-17 13:21:02
L02T4;5243;1;2023-09-17 19:51:53
L02T4;8280;1;2023-09-13 17:34:06
L02T4;3176;1;2023-09-13 15:12:21
L02T4;6716;1;2023-09-16 17:42:59
L02T4;3772;1;2023-09-16 19:20:57
L02T4;4930;1;2023-09-16 12:07:27
L02T4;6329;1;2023-09-18 00:46:16
L02T4;3102;1;2023-09-17 12:49:49
L02T4;7835;1;2023-09-17 13:57:03
L02T4;3138;1;2023-09-16 17:09:35
L02T4;4592;1;2023-09-15 14:08:41
L02T4;5080;1;2023-09-11 15:06:00
L02T4;8297;1;2023-09-17 03:40:31
L02T4;5680;1;2023-09-13 14:10:33
L02T4;2740;1;2023-09-17 14:43:14
L02T4;1902;1;2023-09-11 15:58:19
L02T4;3407;1;2023-09-12 22:06:39
L02T4;7254;1;2023-09-17 14:58:18
L02T4;7464;1;2023-09-17 12:17:50
L02T4;1564;1;2023-09-14 09:59:37
L02T4;843;1;2023-09-17 01:32:51
L02T4;2039;1;2023-09-17 16:18:39
L02T4;9527;1;2023-09-11 17:18:21
L02T4;1187;1;2023-09-17 16:48:43
L02T4;3092;1;2023-09-11 13:06:02
L02T4;3193;1;2023-09-13 20:53:17
L02T4;812;1;2023-09-14 15:13:35
L02T4;9532;1;2023-09-11 19:29:50
L02T4;898;1;2023-09-18 02:19:49
L02T4;3178;1;2023-09-14 22:47:38
L02T4;8374;1;2023-09-14 12:17:17
L02T4;5227;1;2023-09-12 18:59:58
L02T4;1202;1;2023-09-13 11:15:03
L02T4;4397;1;2023-09-12 17:56:43
L02T4;6784;1;2023-09-13 18:01:07
L02T4;1788;1;2023-09-17 19:37:23
L02T4;8752;1;2023-09-13 16:26:51
L02T4;1351;1;2023-09-11 21:44:18
L02T4;3223;1;2023-09-17 22:39:11
L02T4;3672;1;2023-09-17 12:02:45
L02T4;6029;1;2023-09-11 15:02:49
L02T4;3892;1;2023-09-12 18:08:15
L02T4;47;1;2023-09-17 13:25:39
L02T4;2619;1;2023-09-18 02:15:01
L02T4;830;1;2023-09-12 10:11:53
L02T4;951;1;2023-09-11 16:04:07
L02T4;5543;1;2023-09-12 21:24:15
L02T4;7733;1;2023-09-14 10:40:53
L02T4;1131;1;2023-09-12 14:11:11
L02T4;2900;1;2023-09-11 07:48:33
L02T4;8198;1;2023-09-13 12:48:16
L02T4;3395;1;2023-09-13 14:28:35
L02T4;3889;1;2023-09-11 17:53:55
L02T4;8169;1;2023-09-12 16:48:05
L02T4;4817;1;2023-09-17 17:33:58
L02T4;7296;1;2023-09-15 22:36:11
L02T4;3779;1;2023-09-18 01:34:57
L02T4;4831;1;2023-09-12 10:49:33
L02T4;2227;1;2023-09-12 17:03:11
L02T4;1250;1;2023-09-13 21:09:32
L02T4;1145;1;2023-09-15 17:39:12
L02T4;4651;1;2023-09-18 01:07:36
L02T4;8836;1;2023-09-14 08:20:48
L02T4;9252;1;2023-09-13 17:38:35
L02T4;2745;1;2023-09-17 16:39:06
L02T4;6312;1;2023-09-13 16:48:09
L02T4;4390;1;2023-09-17 15:24:12
L02T4;381;1;2023-09-17 19:41:58
L02T4;3506;1;2023-09-12 21:42:29
L02T4;7259;1;2023-09-12 20:23:55
L02T4;3750;1;2023-09-12 16:42:07
L02T4;9559;1;2023-09-17 22:31:37
L02T4;5582;1;2023-09-12 19:45:16
L02T4;9900;0;2023-09-12 18:05:38
L02T4;8749;1;2023-09-13 17:06:07
L02T4;2179;1;2023-09-13 17:56:13
L02T4;6290;1;2023-09-16 21:14:47
L02T4;2085;1;2023-09-12 15:19:49
L02T4;1609;1;2023-09-13 14:54:03
L02T4;7711;0;2023-09-17 20:02:14
L02T4;6042;1;2023-09-14 19:27:51
L02T4;3952;1;2023-09-14 10:40:49
L02T4;6068;1;2023-09-14 12:59:52
L02T4;5666;1;2023-09-17 22:35:02
L02T4;5471;1;2023-09-15 17:33:16
L02T4;6999;1;2023-09-12 15:05:57
L02T4;2670;1;2023-09-17 19:47:45
L02T4;7633;1;2023-09-13 16:56:13
L02T4;78;1;2023-09-12 14:17:36
L02T4;2466;1;2023-09-11 20:18:50
L02T4;3271;1;2023-09-16 15:38:00
L02T4;9479;1;2023-09-12 11:58:36
L02T4;7918;1;2023-09-14 13:51:37
L02T4;9888;1;2023-09-12 09:41:34
L02T4;4567;1;2023-09-13 06:27:40
L02T4;7266;1;2023-09-15 18:26:08
L02T4;7395;1;2023-09-13 12:12:57
L02T4;299;1;2023-09-11 09:29:10
L02T4;2672;1;2023-09-17 19:10:49
L02T4;9847;1;2023-09-11 20:47:24
L02T4;8292;1;2023-09-12 04:19:41
L02T4;4816;1;2023-09-12 15:35:30
L02T4;4417;1;2023-09-16 16:35:51
L02T4;7224;1;2023-09-14 18:31:27
L02T4;6017;1;2023-09-15 04:28:00
L02T4;3059;1;2023-09-11 15:32:36
L02T4;3490;1;2023-09-13 01:15:14
L02T4;2054;1;2023-09-13 09:23:33
L02T4;9726;1;2023-09-17 17:34:28
L02T4;2809;1;2023-09-17 16:36:03
L02T4;1886;1;2023-09-11 17:41:15
L02T4;517;1;2023-09-17 23:41:12
L02T4;8010;1;2023-09-17 21:49:34
L02T4;691;1;2023-09-11 21:19:38
L02T4;7839;1;2023-09-16 18:42:26
L02T4;7002;1;2023-09-18 00:12:34
L02T4;9782;1;2023-09-12 12:17:57
L02T4;2718;1;2023-09-13 18:42:31
L02T4;4927;1;2023-09-12 16:55:21
L02T4;7757;1;2023-09-16 14:50:30
L02T4;7063;1;2023-09-13 18:48:34
L02T4;2236;1;2023-09-12 12:32:08
L02T4;415;1;2023-09-13 12:52:06
L02T4;2055;1;2023-09-12 13:42:47
L02T4;7652;1;2023-09-13 12:33:08
L02T4;7322;1;2023-09-16 13:24:49
L02T4;8545;1;2023-09-13 14:10:03
L02T4;434;1;2023-09-15 23:13:58
L02T4;6478;1;2023-09-17 20:50:36
L02T4;821;1;2023-09-17 20:40:08
L02T4;4310;1;2023-09-15 16:12:52
L02T4;6802;1;2023-09-15 18:51:48
L02T4;5703;1;2023-09-11 16:03:30
L02T4;2178;1;2023-09-16 17:39:04
L02T4;8212;1;2023-09-17 20:23:39
L02T4;6499;0;2023-09-17 18:04:20
L02T4;5231;1;2023-09-13 18:39:48
L02T4;166;1;2023-09-13 14:52:45
L02T4;237;0;2023-09-18 03:36:47
L02T4;2646;1;2023-09-16 22:50:58
L02T4;974;1;2023-09-12 17:00:04
L02T4;3416;1;2023-09-17 02:18:35
L02T4;5781;1;2023-09-13 23:24:49
L02T4;6239;1;2023-09-15 12:23:56
L02T4;7176;1;2023-09-16 18:19:11
L02T4;2390;0;2023-09-17 14:25:45
L02T4;7473;1;2023-09-12 13:22:01
L02T4;4009;1;2023-09-13 09:37:07
L02T4;6864;1;2023-09-16 17:51:03
L02T4;1289;1;2023-09-14 14:06:33
L02T4;9234;1;2023-09-17 21:10:40
L02T4;2652;1;2023-09-12 11:45:49
L02T4;4698;1;2023-09-12 07:06:33
L02T4;3213;1;2023-09-17 22:22:15
L02T4;2500;1;2023-09-17 21:42:28
L02T4;4000;1;2023-09-15 15:15:16
L02T4;4339;1;2023-09-17 23:20:56
L02T4;5597;0;2023-09-17 18:08:31
L02T4;2630;1;2023-09-11 18:17:11
L02T4;1775;1;2023-09-14 15:37:39
L02T4;6471;1;2023-09-18 00:41:24
L02T4;1404;1;2023-09-18 00:46:36
L02T4;5101;1;2023-09-16 14:44:51
L02T4;248;1;2023-09-14 18:23:47
L02T4;8624;1;2023-09-17 19:22:47
L02T4;924;1;2023-09-17 17:44:18
L02T4;3074;1;2023-09-13 11:21:56
L02T4;708;1;2023-09-14 11:56:44
L02T4;7125;1;2023-09-11 20:52:10
L02T4;3040;1;2023-09-11 15:40:50
L02T4;4166;1;2023-09-12 17:21:38
L02T4;5458;1;2023-09-16 09:54:02
L02T4;2194;0;2023-09-17 20:00:51
L02T4;9717;1;2023-09-15 13:59:04
L02T4;2206;1;2023-09-15 20:21:11
L02T4;4351;1;2023-09-16 20:26:54
L02T4;5127;1;2023-09-17 09:01:15
L02T4;2257;1;2023-09-17 21:12:16
L02T4;3950;1;2023-09-12 11:55:34
L02T4;3538;1;2023-09-17 23:09:32
L02T4;9641;0;2023-09-15 18:12:58
L02T4;3220;1;2023-09-15 00:53:15
L02T4;9331;1;2023-09-17 11:49:43
L02T4;2894;1;2023-09-16 16:26:31
L02T4;6547;1;2023-09-16 14:42:21
L02T4;5239;1;2023-09-15 23:43:46
L02T4;8329;1;2023-09-11 16:12:54
L02T4;2148;1;2023-09-11 11:40:47
L02T4;7399;1;2023-09-13 15:46:04
L02T4;1224;1;2023-09-13 11:50:55
L02T4;673;1;2023-09-13 11:44:51
L02T4;1382;1;2023-09-17 19:12:19
L02T4;8785;1;2023-09-12 11:22:15
L02T4;9068;0;2023-09-17 12:01:06
L02T4;6548;1;2023-09-13 17:41:35
L02T4;2310;1;2023-09-17 21:01:39
L02T4;7435;1;2023-09-15 13:17:06
L02T4;5924;1;2023-09-17 22:26:01
L02T4;2860;1;2023-09-12 18:09:19
L02T4;1178;1;2023-09-17 20:58:27
L02T4;59;1;2023-09-12 12:25:49
L02T4;7901;1;2023-09-14 20:32:36
L02T4;3630;1;2023-09-16 19:33:06
L02T4;2261;1;2023-09-13 12:09:17
L02T4;8397;1;2023-09-13 12:15:29
L02T4;327;1;2023-09-01 10:39:12
L02T4;2470;1;2023-09-16 17:23:39
L02T4;6818;1;2023-09-11 14:39:32
L02T4;494;1;2023-09-14 18:31:16
L02T4;7587;1;2023-09-15 16:34:01
L02T4;7606;1;2023-09-11 15:08:22
L02T4;9994;1;2023-09-13 16:50:40
L02T4;7839;1;2023-09-11 20:18:39
L02T4;9973;1;2023-09-11 10:52:41
L02T4;6332;1;2023-09-18 02:07:40
L02T4;103;1;2023-09-12 13:14:28
L02T4;1048;1;2023-09-16 13:04:09
L02T4;1008;1;2023-09-11 19:07:17
L02T4;875;1;2023-09-15 10:14:52
L02T4;3981;1;2023-09-11 17:44:56
L02T4;8780;1;2023-09-17 15:00:32
L02T4;2367;1;2023-09-11 17:44:57
L02T4;7734;1;2023-09-15 12:01:31
L02T4;848;1;2023-09-12 12:27:40
L02T4;1732;1;2023-09-15 14:16:08
L02T4;267;1;2023-09-11 22:23:50
L02T4;8266;0;2023-09-17 23:00:23
L02T4;6098;1;2023-09-11 21:20:16
L02T4;7900;1;2023-09-17 21:32:07
L02T4;7284;1;2023-09-17 15:56:25
L02T4;2813;1;2023-09-13 16:32:33
L02T4;9;1;2023-09-16 22:12:46
L02T4;244;1;2023-09-16 23:06:20
L02T4;8632;1;2023-09-14 13:47:18
L02T4;7484;1;2023-09-11 13:20:33
L02T4;7351;0;2023-09-17 22:51:02
L02T4;6341;1;2023-09-11 14:41:37
L02T4;6930;1;2023-09-15 14:12:33
L02T4;6569;1;2023-09-15 14:43:54
L02T4;9948;1;2023-09-12 09:58:55
L02T4;8498;1;2023-09-17 17:07:04
L02T4;3881;1;2023-09-17 23:53:25
L02T4;2072;1;2023-09-12 20:15:35
L02T4;5552;1;2023-09-17 23:28:04
L02T4;3191;1;2023-09-12 08:42:16
L02T4;5265;0;2023-09-16 16:35:02
L02T4;1831;1;2023-09-17 23:12:18
L02T4;4054;1;2023-09-17 20:10:45
L02T4;7576;1;2023-09-11 17:59:46
L02T4;2627;1;2023-09-17 13:33:45
L02T4;3422;1;2023-09-12 19:15:06
L02T4;6515;1;2023-09-17 16:48:50
L02T4;9241;1;2023-09-14 16:42:04
L02T4;4935;1;2023-09-12 07:25:29
L02T4;8944;1;2023-09-18 00:04:14
L02T4;6760;1;2023-09-12 16:01:00
L02T4;3174;0;2023-09-17 11:20:59
L02T4;4073;1;2023-09-17 16:28:27
L02T4;3798;1;2023-09-17 18:14:17
L02T4;1362;1;2023-09-11 14:16:02
L02T4;959;1;2023-09-12 08:21:43
L02T4;6810;1;2023-09-11 12:20:15
L02T4;9881;1;2023-09-15 15:57:58
L02T4;939;1;2023-09-17 11:25:44
L02T4;8830;1;2023-09-17 19:34:40
L02T4;4844;1;2023-09-11 16:33:12
L02T4;4723;1;2023-09-18 01:21:06
L02T4;6208;1;2023-09-12 10:31:19
L02T4;3844;1;2023-09-12 08:40:56
L02T4;6541;1;2023-09-17 18:28:58
L02T4;7834;1;2023-09-17 18:19:56
L02T4;5316;1;2023-09-11 21:28:46
L02T4;7002;1;2023-09-17 16:35:14
L02T4;1363;0;2023-09-13 22:50:20
L02T4;3593;1;2023-09-11 14:54:28
L02T4;4078;0;2023-09-17 22:01:55
L02T4;7139;1;2023-09-12 19:42:52
L02T4;444;1;2023-09-12 15:04:44
L02T4;4718;1;2023-09-18 04:47:26
L02T4;2088;1;2023-09-17 18:34:51
L02T4;380;1;2023-09-17 23:19:24
L02T4;6629;1;2023-09-15 19:16:49
L02T4;3257;1;2023-09-13 17:30:27
L02T4;802;1;2023-09-12 11:59:19
L02T4;7810;1;2023-09-11 17:26:28
L02T4;5340;1;2023-09-14 11:53:14
L02T4;5937;1;2023-09-13 14:35:00
L02T4;108;1;2023-09-17 17:09:58
L02T4;7601;1;2023-09-11 11:41:07
L02T4;2104;1;2023-09-17 18:23:47
L02T4;3597;1;2023-09-13 10:41:45
L02T4;8833;1;2023-09-14 15:02:59
L02T4;7197;1;2023-09-11 14:03:41
L02T4;6113;1;2023-09-12 16:52:25
L02T4;6745;1;2023-09-14 01:48:35
L02T4;7741;1;2023-09-12 19:16:39
L02T4;3423;1;2023-09-14 11:52:56
L02T4;8720;1;2023-09-11 15:20:50
L02T4;1249;1;2023-09-14 19:34:14
L02T4;5253;1;2023-09-15 10:28:40
L02T4;1863;1;2023-09-11 21:23:13
L02T4;7904;1;2023-09-11 19:13:16
L02T4;1952;1;2023-09-17 23:09:38
L02T4;968;1;2023-09-17 16:48:51
L02T4;4738;1;2023-09-13 22:14:47
L02T4;3277;0;2023-09-17 22:01:22
L02T4;6549;1;2023-09-17 16:14:46
L02T4;9056;1;2023-09-12 15:08:25
L02T4;9683;1;2023-09-18 04:04:35
L02T4;6236;0;2023-09-17 19:04:46
L02T4;3579;1;2023-09-11 12:00:46
L02T4;2741;1;2023-09-12 13:00:05
L02T4;5151;1;2023-09-17 17:53:47
L02T4;9466;1;2023-09-13 13:24:35
L02T4;9029;1;2023-09-12 12:38:26
L02T4;3140;0;2023-09-17 22:32:47
L02T4;1615;1;2023-09-11 18:09:43
L02T4;9523;1;2023-09-13 18:16:00
L02T4;6241;1;2023-09-13 16:40:11
L02T4;3469;1;2023-09-11 11:38:01
L02T4;1728;1;2023-09-13 17:48:29
L02T4;2701;1;2023-09-18 03:55:20
L02T4;40;1;2023-09-16 19:51:27
L02T4;638;1;2023-09-12 17:19:18
L02T4;6080;1;2023-09-11 16:41:54
L02T4;5505;1;2023-09-12 18:40:54
L02T4;6348;1;2023-09-16 18:43:31
L02T4;3937;1;2023-09-15 18:26:27
L02T4;1331;1;2023-09-14 11:52:15
L02T4;1881;0;2023-09-17 18:02:41
L02T4;3875;1;2023-09-13 12:18:48
L02T4;4658;1;2023-09-12 16:44:54
L02T4;5670;1;2023-09-12 10:54:43
L02T4;5712;1;2023-09-11 19:58:27
L02T4;1572;1;2023-09-12 12:19:56
L02T4;2010;0;2023-09-17 19:30:00
L02T4;6826;1;2023-09-17 13:14:21
L02T4;2474;1;2023-09-11 16:12:10
L02T4;2019;1;2023-09-11 22:29:47
L02T4;7092;1;2023-09-12 08:55:47
L02T4;8191;1;2023-09-17 11:07:47
L02T4;5831;1;2023-09-17 20:38:56
L02T4;6272;1;2023-09-12 11:53:37
L02T4;1514;1;2023-09-12 20:46:28
L02T4;665;1;2023-09-17 08:12:28
L02T4;3688;1;2023-09-11 19:33:29
L02T4;5208;1;2023-09-15 13:45:34
L02T4;6991;0;2023-09-12 13:06:31
L02T4;2553;1;2023-09-15 11:27:47
L02T4;4259;1;2023-09-13 21:13:48
L02T4;2342;1;2023-09-17 15:01:30
L02T4;4482;1;2023-09-12 15:45:27
L02T4;2131;1;2023-09-15 18:15:42
L02T4;5389;1;2023-09-17 09:49:14
L02T4;2601;1;2023-09-11 14:23:40
L02T4;7646;1;2023-09-18 01:44:54
L02T4;1898;1;2023-09-15 13:21:42
L02T4;4083;1;2023-09-13 18:37:49
L02T4;5404;1;2023-09-14 18:40:21
L02T4;7938;1;2023-09-11 16:20:20
L02T4;9903;1;2023-09-12 12:17:50
L02T4;3951;1;2023-09-17 16:45:09
L02T4;6882;1;2023-09-13 00:24:12
L02T4;5266;1;2023-09-18 00:53:22
L02T4;501;1;2023-09-11 16:04:45
L02T4;898;0;2023-09-17 17:14:33
L02T4;4601;1;2023-09-13 11:51:14
L02T4;5229;1;2023-09-15 13:44:43
L02T4;6660;1;2023-09-13 14:35:09
L02T4;8173;1;2023-09-14 14:25:59
L02T4;8678;1;2023-09-13 15:39:48
L02T4;7857;1;2023-09-15 12:15:22
L02T4;7903;1;2023-09-17 19:02:54
L02T4;6285;1;2023-09-17 10:10:59
L02T5;2043;1;2023-09-13 14:29:56
L02T5;2266;1;2023-09-13 16:14:46
L02T5;2509;1;2023-09-17 15:20:21
L02T5;4651;1;2023-09-18 01:19:16
L02T5;2227;1;2023-09-13 10:42:54
L02T5;108;1;2023-09-17 18:34:59
L02T5;812;1;2023-09-14 15:44:34
L02T5;5519;1;2023-09-16 20:04:10
L02T5;9701;1;2023-09-16 23:44:34
L02T5;7259;1;2023-09-13 15:36:23
L02T5;2390;1;2023-09-13 17:54:18
L02T5;1206;1;2023-09-17 14:27:52
L02T5;8266;1;2023-09-17 23:00:43
L02T5;5231;1;2023-09-13 19:33:12
L02T5;7543;1;2023-09-11 19:01:48
L02T5;7266;1;2023-09-15 20:21:10
L02T5;4152;1;2023-09-17 15:10:28
L02T5;9559;1;2023-09-17 22:54:05
L02T5;3257;1;2023-09-14 15:16:27
L02T5;9527;1;2023-09-11 16:38:58
L02T5;9241;1;2023-09-14 17:37:18
L02T5;3506;1;2023-09-12 22:10:56
L02T5;4306;1;2023-09-15 20:36:25
L02T5;4632;1;2023-09-17 12:30:16
L02T5;7322;1;2023-09-16 13:46:22
L02T5;5781;1;2023-09-13 23:17:11
L02T5;4930;1;2023-09-16 13:33:01
L02T5;3579;1;2023-09-11 15:21:48
L02T5;1083;1;2023-09-18 00:48:34
L02T5;8691;1;2023-09-12 14:56:34
L02T5;299;1;2023-09-11 10:00:29
L02T5;7296;1;2023-09-17 19:40:43
L02T5;7904;1;2023-09-11 19:16:46
L02T5;2741;1;2023-09-12 13:00:54
L02T5;4985;1;2023-09-17 18:11:43
L02T5;6348;1;2023-09-16 19:30:39
L02T5;6236;1;2023-09-17 18:27:35
L02T5;248;1;2023-09-14 18:45:34
L02T5;6817;1;2023-09-17 01:02:38
L02T5;5322;1;2023-09-16 10:27:42
L02T5;7092;1;2023-09-12 09:01:21
L02T5;6341;1;2023-09-11 14:43:46
L02T5;2672;1;2023-09-17 20:31:47
L02T5;2368;1;2023-09-17 19:01:24
L02T5;7857;1;2023-09-15 12:44:19
L02T5;5924;1;2023-09-17 22:39:53
L02T5;8329;1;2023-09-11 16:23:48
L02T5;6799;1;2023-09-15 12:23:21
L02T5;7642;1;2023-09-17 16:50:31
L02T5;2745;1;2023-09-17 17:06:02
L02T5;4482;1;2023-09-12 15:57:03
L02T5;9900;0;2023-09-12 18:38:39
L02T5;7741;1;2023-09-12 19:31:31
L02T5;6826;1;2023-09-17 13:29:57
L02T5;1564;1;2023-09-14 09:28:21
L02T5;4658;1;2023-09-12 16:46:18
L02T5;6765;1;2023-09-18 01:14:28
L02T5;4397;1;2023-09-12 18:16:46
L02T5;3779;1;2023-09-18 01:57:38
L02T5;7810;1;2023-09-17 14:05:08
L02T5;5725;1;2023-09-14 19:22:22
L02T5;3750;1;2023-09-12 17:06:14
L02T5;2019;1;2023-09-11 22:52:45
L02T5;6241;1;2023-09-14 11:52:37
L02T5;5282;1;2023-09-17 18:28:00
L02T5;4629;1;2023-09-11 21:33:53
L02T5;9664;1;2023-09-16 14:15:01
L02T5;665;1;2023-09-12 18:07:12
L02T5;3038;0;2023-09-18 00:14:17
L02T5;1784;1;2023-09-12 10:24:25
L02T5;2977;1;2023-09-17 23:12:04
L02T5;1863;1;2023-09-11 21:39:15
L02T5;9888;1;2023-09-12 09:53:42
L02T5;2470;1;2023-09-17 12:40:15
L02T5;5179;1;2023-09-17 19:04:35
L02T5;6810;1;2023-09-11 12:30:04
L02T5;2178;1;2023-09-16 17:43:02
L02T5;7345;1;2023-09-18 01:26:20
L02T5;25;1;2023-09-12 17:48:37
L02T5;2367;1;2023-09-17 23:27:30
L02T5;3191;1;2023-09-12 09:10:14
L02T5;8737;1;2023-09-17 19:30:36
L02T5;7254;1;2023-09-17 20:25:08
L02T5;3277;0;2023-09-17 20:55:16
L02T5;4083;1;2023-09-13 17:48:02
L02T5;9994;1;2023-09-14 17:51:27
L02T5;78;1;2023-09-13 17:27:38
L02T5;5505;1;2023-09-12 19:09:27
L02T5;2410;1;2023-09-16 09:12:49
L02T5;9358;1;2023-09-18 01:52:10
L02T5;8857;1;2023-09-16 15:19:28
L02T5;7125;1;2023-09-15 19:49:33
L02T5;9940;1;2023-09-12 15:14:31
L02T5;1831;1;2023-09-18 00:13:22
L02T5;6312;1;2023-09-13 21:41:44
L02T5;9113;1;2023-09-13 10:09:57
L02T5;6660;1;2023-09-13 14:47:40
L02T5;8944;1;2023-09-18 00:54:31
L02T5;2634;1;2023-09-17 14:37:03
L02T5;6340;1;2023-09-13 20:47:24
L02T5;8379;1;2023-09-17 13:26:44
L02T5;3889;1;2023-09-12 09:35:59
L02T5;8785;1;2023-09-12 13:40:10
L02T5;843;1;2023-09-17 02:12:29
L02T5;2060;1;2023-09-18 00:35:06
L02T5;6080;1;2023-09-11 17:24:28
L02T5;5819;1;2023-09-12 12:23:46
L02T5;7839;1;2023-09-16 19:07:13
L02T5;3844;1;2023-09-14 20:42:50
L02T5;7351;1;2023-09-17 12:17:56
L02T5;1385;1;2023-09-15 14:09:26
L02T5;7002;1;2023-09-18 00:27:34
L02T5;1952;1;2023-09-17 23:48:08
L02T5;2646;1;2023-09-17 12:45:43
L02T5;1253;1;2023-09-13 16:42:51
L02T5;8530;1;2023-09-12 08:57:25
L02T5;3672;1;2023-09-17 12:26:17
L02T5;7733;1;2023-09-14 11:41:57
L02T5;6629;1;2023-09-16 13:09:46
L02T5;1706;1;2023-09-15 09:33:04
L02T5;527;1;2023-09-13 16:53:38
L02T5;959;1;2023-09-12 08:29:00
L02T5;708;1;2023-09-14 12:16:26
L02T5;3059;1;2023-09-11 15:52:49
L02T5;2148;1;2023-09-15 19:21:08
L02T5;9641;1;2023-09-16 14:06:03
L02T5;2697;1;2023-09-12 17:41:19
L02T5;5831;1;2023-09-17 16:27:41
L02T5;6068;1;2023-09-14 13:24:06
L02T5;2474;1;2023-09-11 16:21:55
L02T5;3213;1;2023-09-17 22:51:49
L02T5;6818;1;2023-09-11 15:05:59
L02T5;5239;1;2023-09-16 18:14:07
L02T5;2149;1;2023-09-18 00:33:21
L02T5;8849;1;2023-09-18 04:03:44
L02T5;783;0;2023-09-17 03:33:20
L02T5;4131;1;2023-09-12 17:46:14
L02T5;5227;1;2023-09-12 19:19:22
L02T5;8777;1;2023-09-11 18:25:13
L02T5;2809;1;2023-09-17 18:31:31
L02T5;5277;1;2023-09-14 15:27:10
L02T5;4054;1;2023-09-17 20:55:06
L02T5;2253;1;2023-09-16 13:36:19
L02T5;6290;1;2023-09-17 14:15:30
L02T5;6680;1;2023-09-15 16:22:43
L02T5;4723;1;2023-09-18 01:29:37
L02T5;4095;1;2023-09-17 23:32:15
L02T5;665;1;2023-09-17 08:14:13
L02T5;1351;1;2023-09-13 13:58:59
L02T5;2860;1;2023-09-12 18:11:40
L02T5;6515;1;2023-09-11 14:20:15
L02T5;9029;1;2023-09-12 17:35:04
L02T5;8624;0;2023-09-17 21:11:13
L02T5;47;1;2023-09-17 15:06:41
L02T5;4009;1;2023-09-13 21:08:17
L02T5;3701;1;2023-09-12 18:06:00
L02T5;8676;1;2023-09-17 17:13:39
L02T5;7646;1;2023-09-18 01:45:41
L02T5;9466;1;2023-09-13 13:02:15
L02T5;8642;1;2023-09-11 22:39:45
L02T5;5316;1;2023-09-11 22:53:26
L02T5;9950;1;2023-09-15 15:40:09
L02T5;802;1;2023-09-12 17:07:55
L02T5;614;1;2023-09-17 19:19:55
L02T5;7063;1;2023-09-16 17:32:26
L02T5;4738;1;2023-09-13 22:15:00
L02T5;3772;1;2023-09-17 10:25:49
L02T5;5127;1;2023-09-17 09:06:25
L02T5;6002;1;2023-09-16 21:45:02
L02T5;6842;1;2023-09-18 04:54:08
L02T5;5776;1;2023-09-13 17:28:32
L02T5;2502;1;2023-09-17 22:32:07
L02T5;5627;1;2023-09-17 20:52:35
L02T5;2310;1;2023-09-17 21:49:14
L02T5;7918;1;2023-09-14 14:06:56
L02T5;6794;1;2023-09-17 22:14:08
L02T5;8482;1;2023-09-12 13:16:15
L02T5;7938;1;2023-09-11 16:39:00
L02T5;7476;1;2023-09-12 14:36:02
L02T5;3176;1;2023-09-13 15:41:01
L02T5;2057;1;2023-09-14 09:59:28
L02T5;7733;1;2023-09-17 22:57:04
L02T5;9957;1;2023-09-13 10:46:43
L02T5;7614;1;2023-09-13 18:00:16
L02T5;7606;1;2023-09-11 15:25:48
L02T5;6109;1;2023-09-12 17:05:44
L02T5;3177;1;2023-09-15 15:37:05
L02T5;3425;1;2023-09-15 16:10:19
L02T5;4337;1;2023-09-13 16:55:21
L02T5;9532;1;2023-09-11 19:53:57
L02T5;7734;1;2023-09-15 12:28:15
L02T5;6716;1;2023-09-16 20:23:11
L02T5;6760;1;2023-09-11 16:21:05
L02T5;7860;1;2023-09-12 16:06:58
L02T5;1204;1;2023-09-17 14:17:01
L02T5;1111;1;2023-09-14 22:39:24
L02T5;4816;1;2023-09-12 16:03:28
L02T5;1886;1;2023-09-11 18:00:25
L02T5;1775;1;2023-09-14 16:08:52
L02T5;3140;0;2023-09-17 23:08:30
L02T5;2652;1;2023-09-12 12:51:49
L02T5;7839;1;2023-09-11 19:19:28
L02T5;1131;1;2023-09-14 00:18:32
L02T5;6113;1;2023-09-12 17:51:52
L02T5;3102;1;2023-09-17 12:11:54
L02T5;59;1;2023-09-12 12:52:47
L02T5;1202;1;2023-09-13 11:47:38
L02T5;4608;1;2023-09-14 18:25:57
L02T5;8399;1;2023-09-14 22:05:08
L02T5;2718;1;2023-09-13 19:22:58
L02T5;8198;1;2023-09-13 18:58:18
L02T5;2039;1;2023-09-17 16:43:06
L02T5;5471;1;2023-09-15 21:41:28
L02T5;2195;1;2023-09-12 18:45:59
L02T5;9948;1;2023-09-12 10:02:55
L02T5;8397;1;2023-09-13 12:44:46
L02T5;8058;1;2023-09-11 10:10:34
L02T5;4698;1;2023-09-12 08:16:26
L02T5;635;1;2023-09-17 15:57:20
L02T5;1609;1;2023-09-13 17:11:33
L02T5;8173;1;2023-09-14 15:00:13
L02T5;3251;1;2023-09-18 01:00:00
L02T5;4417;1;2023-09-17 12:57:22
L02T5;2619;1;2023-09-18 02:45:36
L02T5;3534;1;2023-09-13 17:14:43
L02T5;1528;1;2023-09-12 18:07:45
L02T5;450;1;2023-09-14 19:39:46
L02T5;9683;1;2023-09-18 04:28:16
L02T5;5265;1;2023-09-16 17:11:02
L02T5;8280;1;2023-09-13 17:47:12
L02T5;5081;1;2023-09-16 13:08:33
L02T5;2163;1;2023-09-17 20:28:23
L02T5;4820;1;2023-09-16 15:10:57
L02T5;8833;1;2023-09-14 16:28:08
L02T5;7752;1;2023-09-16 14:38:30
L02T5;240;1;2023-09-13 12:13:23
L02T5;2670;1;2023-09-17 20:08:41
L02T5;2342;1;2023-09-17 17:13:10
L02T5;3312;1;2023-09-17 22:41:57
L02T5;5666;1;2023-09-17 21:38:40
L02T5;463;1;2023-09-14 19:43:25
L02T5;7117;1;2023-09-15 23:06:31
L02T5;40;1;2023-09-16 20:07:22
L02T5;3686;1;2023-09-12 11:24:57
L02T5;444;1;2023-09-13 13:52:50
L02T5;968;1;2023-09-17 16:59:07
L02T5;3996;1;2023-09-13 23:07:55
L02T5;5996;1;2023-09-17 23:38:26
L02T5;6864;1;2023-09-16 18:43:42
L02T5;3271;1;2023-09-16 15:52:12
L02T5;166;1;2023-09-13 15:07:31
L02T5;6029;1;2023-09-11 15:25:33
L02T5;7159;1;2023-09-11 16:13:24
L02T5;2010;1;2023-09-17 19:49:22
L02T5;924;1;2023-09-17 22:39:18
L02T5;2104;1;2023-09-17 18:52:01
L02T5;1898;1;2023-09-15 13:53:34
L02T5;6255;1;2023-09-13 20:30:32
L02T5;8498;1;2023-09-17 17:44:07
L02T5;5434;1;2023-09-13 16:49:52
L02T5;996;1;2023-09-17 21:30:23
L02T5;5458;1;2023-09-16 10:26:45
L02T5;875;1;2023-09-16 13:15:09
L02T5;4078;1;2023-09-17 22:11:58
L02T5;6332;1;2023-09-18 02:37:44
L02T5;9782;1;2023-09-12 12:54:33
L02T5;327;1;2023-09-01 11:57:59
L02T5;2179;1;2023-09-13 18:31:19
L02T5;8475;0;2023-09-17 13:02:12
L02T5;8803;1;2023-09-15 22:28:36
L02T5;9143;1;2023-09-15 18:29:57
L02T5;4614;1;2023-09-18 00:08:33
L02T5;8569;1;2023-09-15 14:58:32
L02T5;6541;1;2023-09-17 22:52:31
L02T5;434;1;2023-09-15 23:52:57
L02T5;5905;1;2023-09-15 12:38:36
L02T5;4898;1;2023-09-11 21:48:51
L02T5;5229;1;2023-09-15 13:52:21
L02T5;1404;1;2023-09-18 00:48:02
L02T5;691;1;2023-09-11 21:47:03
L02T5;939;1;2023-09-17 11:51:57
L02T5;9056;1;2023-09-12 18:41:25
L02T5;2085;1;2023-09-14 17:21:42
L02T5;7139;1;2023-09-17 19:48:18
L02T5;821;1;2023-09-17 21:41:02
L02T5;103;1;2023-09-12 13:49:09
L02T5;2040;1;2023-09-11 16:52:06
L02T5;6784;1;2023-09-13 18:02:33
L02T5;2813;1;2023-09-13 16:38:05
L02T5;4601;1;2023-09-13 12:38:40
L02T5;4390;1;2023-09-17 15:25:50
L02T5;5404;1;2023-09-14 19:57:30
L02T5;1902;1;2023-09-11 16:14:31
L02T5;2900;1;2023-09-11 10:58:44
L02T5;5737;1;2023-09-12 18:09:34
L02T5;6930;1;2023-09-15 15:51:11
L02T5;1363;0;2023-09-16 21:02:11
L02T5;9909;1;2023-09-14 18:28:47
L02T5;6908;1;2023-09-12 19:08:17
L02T5;3950;1;2023-09-12 12:36:29
L02T5;7497;1;2023-09-15 09:26:32
L02T5;2740;1;2023-09-17 15:00:22
L02T5;974;1;2023-09-12 17:38:07
L02T5;752;1;2023-09-17 19:59:46
L02T5;1145;1;2023-09-15 19:10:04
L02T5;3881;1;2023-09-18 00:11:20
L02T5;2123;1;2023-09-11 18:41:37
L02T5;2072;1;2023-09-14 09:15:24
L02T5;6471;1;2023-09-18 02:03:23
L02T5;9;1;2023-09-16 22:49:09
L02T5;8191;1;2023-09-17 22:10:49
L02T5;3433;1;2023-09-14 22:48:34
L02T5;2261;1;2023-09-13 12:44:32
L02T5;381;1;2023-09-17 19:39:41
L02T5;494;1;2023-09-17 20:39:02
L02T5;1728;1;2023-09-17 20:44:08
L02T5;78;1;2023-09-17 14:06:36
L02T5;6547;1;2023-09-16 15:35:28
L02T5;1769;1;2023-09-12 20:09:00
L02T5;1250;1;2023-09-14 17:13:41
L02T5;9026;1;2023-09-11 16:07:55
L02T5;1514;1;2023-09-14 09:30:39
L02T5;6329;1;2023-09-18 01:37:02
L02T5;5431;1;2023-09-17 18:26:20
L02T5;1187;1;2023-09-17 17:18:54
L02T5;4073;1;2023-09-17 17:02:29
L02T5;6272;1;2023-09-12 12:38:57
L02T5;7587;1;2023-09-15 17:01:49
L02T5;7002;1;2023-09-17 17:36:53
L02T5;2466;1;2023-09-11 22:21:16
L02T5;7757;1;2023-09-16 13:38:37
L02T5;4831;1;2023-09-12 11:02:01
L02T5;7835;1;2023-09-17 14:33:05
L02T5;4111;1;2023-09-13 14:33:12
L02T5;4718;1;2023-09-18 04:47:45
L02T5;2014;1;2023-09-18 00:20:16
L02T5;5389;1;2023-09-17 10:28:01
L02T5;2476;1;2023-09-17 16:19:52
L02T5;2500;0;2023-09-17 21:57:45
L02T5;8632;1;2023-09-14 14:02:36
L02T5;4339;1;2023-09-18 00:32:23
L02T5;9252;1;2023-09-13 18:00:39
L02T5;830;1;2023-09-12 11:25:46
L02T5;3628;1;2023-09-11 20:30:20
L02T5;2206;1;2023-09-15 20:53:14
L02T5;3422;1;2023-09-12 23:22:46
L02T5;1060;1;2023-09-17 14:11:12
L02T5;6570;1;2023-09-13 11:19:08
L02T5;9717;1;2023-09-15 16:14:37
L02T5;6073;1;2023-09-15 09:44:01
L02T5;1477;1;2023-09-12 17:29:49
L02T5;8169;1;2023-09-12 16:50:20
L02T5;4592;1;2023-09-15 14:47:47
L02T5;2601;1;2023-09-11 14:36:35
L02T5;501;1;2023-09-12 10:37:08
L02T5;7576;1;2023-09-11 18:34:41
L02T5;6212;1;2023-09-14 19:47:16
L02T5;6483;1;2023-09-15 12:10:54
L02T5;8749;1;2023-09-13 17:48:37
L02T5;8836;1;2023-09-14 08:25:32
L02T5;7652;1;2023-09-13 13:05:21
L02T5;7464;1;2023-09-16 14:31:48
L02T5;1362;1;2023-09-11 17:43:29
L02T5;5680;1;2023-09-13 14:49:07
L02T5;6208;1;2023-09-12 10:45:30
L02T5;3043;1;2023-09-14 08:06:45
L02T5;3573;1;2023-09-13 14:44:38
L02T5;4617;1;2023-09-17 17:33:03
L02T5;3593;1;2023-09-11 15:32:40
L02T5;9903;1;2023-09-15 10:16:34
L02T5;5543;1;2023-09-12 21:06:46
L02T5;6722;1;2023-09-16 14:13:57
L02T5;3193;1;2023-09-17 18:44:07
L02T5;6601;1;2023-09-14 16:11:34
L02T5;6478;1;2023-09-17 20:47:44
L02T5;8678;1;2023-09-14 18:37:48
L02T5;9881;1;2023-09-15 17:45:15
L02T5;3333;1;2023-09-11 20:59:35
L02T5;2131;1;2023-09-15 17:10:42
L02T5;7900;1;2023-09-17 23:10:21
L02T5;3174;0;2023-09-17 11:21:19
L02T5;5101;1;2023-09-17 14:04:17
L02T5;1048;1;2023-09-16 12:57:15
L02T5;2627;1;2023-09-16 13:02:31
L02T5;3510;1;2023-09-17 19:21:13
L02T5;6569;1;2023-09-15 13:41:21
L02T5;3981;1;2023-09-11 17:57:16
L02T5;4320;1;2023-09-17 17:36:11
L02T5;84;1;2023-09-12 08:53:49
L02T5;4542;1;2023-09-16 15:48:56
L02T5;8010;1;2023-09-13 16:22:38
L02T5;267;1;2023-09-11 22:42:24
L02T5;3688;1;2023-09-11 23:12:02
L02T5;3937;1;2023-09-16 17:35:39
L02T5;485;1;2023-09-14 18:52:55
L02T5;1615;1;2023-09-11 18:34:53
L02T5;6042;1;2023-09-17 07:43:11
L02T5;5880;1;2023-09-15 20:49:16
L02T5;7038;1;2023-09-18 02:09:37
L02T5;673;1;2023-09-13 21:33:45
L02T5;3407;1;2023-09-14 09:36:41
L02T5;3314;1;2023-09-16 18:47:00
L02T5;4844;1;2023-09-11 17:16:39
L02T5;8545;1;2023-09-13 14:33:13
L02T5;9068;1;2023-09-17 11:53:29
L02T5;2257;1;2023-09-17 12:24:04
L02T5;8374;1;2023-09-14 12:46:22
L02T5;898;0;2023-09-18 02:36:05
L02T5;9056;1;2023-09-11 18:54:59
L02T5;7399;1;2023-09-13 16:59:57
L02T5;2218;1;2023-09-17 19:05:36
L02T5;5582;0;2023-09-12 20:01:30
L02T5;5552;1;2023-09-17 22:31:36
L02T5;1530;1;2023-09-12 18:17:20
L02T5;9847;1;2023-09-12 17:27:49
L02T5;7176;1;2023-09-17 18:15:04
L02T5;2595;1;2023-09-16 22:36:36
L02T5;5151;0;2023-09-17 18:34:15
L02T5;4243;1;2023-09-18 00:30:13
L02T5;9331;1;2023-09-17 12:35:55
L02T5;3938;1;2023-09-12 13:46:55
L02T5;9479;1;2023-09-12 11:40:08
L02T5;7711;0;2023-09-17 20:48:21
L02T5;3178;1;2023-09-17 18:15:45
L02T5;2088;1;2023-09-17 19:04:01
L02T5;5080;1;2023-09-11 15:50:55
L02T5;4927;1;2023-09-12 13:56:54
L02T5;848;1;2023-09-12 13:02:41
L02T5;6548;1;2023-09-15 18:49:57
L02T5;7224;1;2023-09-14 18:10:53
L02T5;8720;1;2023-09-11 15:56:13
L02T5;1917;1;2023-09-17 18:05:31
L02T5;3875;1;2023-09-14 06:08:24
L02T5;3798;1;2023-09-17 19:11:37
L02T5;7601;1;2023-09-11 11:59:44
L02T5;971;1;2023-09-17 21:09:19
L02T5;9714;1;2023-09-15 00:02:28
L02T5;2553;1;2023-09-15 11:45:53
L02T5;1331;1;2023-09-14 15:30:08
L02T5;7395;1;2023-09-14 15:25:55
L02T5;7901;1;2023-09-14 20:53:11
L02T5;3611;1;2023-09-16 11:28:38
L02T5;5712;1;2023-09-12 08:58:24
L02T5;4259;1;2023-09-13 21:52:24
L02T5;6916;0;2023-09-17 21:12:33
L02T5;8651;1;2023-09-11 14:40:34
L02T5;4567;1;2023-09-13 07:07:42
L02T5;4351;1;2023-09-16 20:45:45
L02T5;5253;1;2023-09-16 12:06:13
L02T5;1732;1;2023-09-15 14:19:50
L02T5;8212;1;2023-09-17 20:42:51
L02T5;8104;1;2023-09-18 00:42:28
L02T5;174;1;2023-09-14 12:23:27
L02T5;415;1;2023-09-13 16:33:51
L02T5;8297;1;2023-09-17 04:55:30
L02T5;4817;1;2023-09-17 17:49:53
L02T5;638;1;2023-09-13 15:08:08
L02T5;6326;1;2023-09-11 15:32:15
L02T5;5281;1;2023-09-16 13:20:32
L02T5;1311;1;2023-09-17 16:11:03
L02T5;9523;1;2023-09-13 19:21:48
L02T5;4166;1;2023-09-12 18:00:38
L02T5;6802;1;2023-09-15 19:25:40
L02T5;5703;1;2023-09-11 16:16:01
L02T5;6239;1;2023-09-16 12:26:41
L02T5;4000;1;2023-09-16 08:42:58
L02T5;6499;1;2023-09-17 18:50:20
L02T5;5243;1;2023-09-17 21:04:59
L02T5;1224;1;2023-09-13 20:46:58
L02T5;7473;1;2023-09-12 13:20:44
L02T5;9234;1;2023-09-17 21:13:25
L02T5;2894;1;2023-09-16 16:44:50
L02T5;1997;1;2023-09-16 16:32:17
L02T5;380;1;2023-09-17 23:53:59
L02T5;3273;1;2023-09-17 21:46:52
L02T5;2236;1;2023-09-12 15:20:05
L02T5;7435;1;2023-09-15 13:40:16
L02T5;237;0;2023-09-18 04:07:37
L02T5;3395;1;2023-09-13 18:54:19
L02T5;4818;1;2023-09-11 17:14:38
L02T5;4252;1;2023-09-15 19:18:30
L02T5;8292;1;2023-09-12 04:21:43
L02T5;3469;1;2023-09-11 11:54:11
L02T5;6991;1;2023-09-12 14:03:53
L02T5;1572;1;2023-09-12 12:23:03
L02T5;244;1;2023-09-17 01:31:38
L02T5;1008;1;2023-09-12 07:58:23
L02T5;3630;1;2023-09-11 20:00:12
L02T5;951;1;2023-09-11 16:33:55
L02T5;9561;1;2023-09-17 21:13:45
L02T5;3490;1;2023-09-13 01:22:20
L02T5;3223;1;2023-09-17 22:45:38
L02T5;6299;1;2023-09-11 23:26:22
L02T5;2516;1;2023-09-11 16:15:30
L02T5;1249;1;2023-09-14 19:56:04
L02T5;898;0;2023-09-17 19:22:31
L02T5;9973;1;2023-09-11 10:53:18
L02T5;7633;1;2023-09-13 23:34:27
L02T5;5410;1;2023-09-17 21:12:43
L02T5;4935;1;2023-09-11 23:59:33
L02T5;7834;1;2023-09-14 14:09:22
L02T5;5266;1;2023-09-18 01:15:02
L02T5;1788;1;2023-09-17 19:24:36
L02T5;7427;1;2023-09-17 08:45:20
L02T5;2055;1;2023-09-12 14:13:37
L02T5;1178;1;2023-09-17 21:26:43
L02T5;4640;1;2023-09-17 18:45:07
L02T5;5340;1;2023-09-14 16:44:50
L02T5;7903;1;2023-09-17 20:08:36
L02T5;5937;1;2023-09-13 17:05:24
L02T5;8377;1;2023-09-17 22:01:44
L02T5;3892;1;2023-09-13 11:33:47
L02T5;6999;1;2023-09-12 15:30:12
L02T5;6745;1;2023-09-14 18:27:50
L02T5;6484;1;2023-09-13 16:15:56
L02T5;3193;1;2023-09-13 21:01:15
L02T5;2054;1;2023-09-13 09:36:05
L02T5;3092;1;2023-09-11 13:16:06
L02T5;7484;1;2023-09-11 13:42:43
L02T5;8780;1;2023-09-17 15:29:31
L02T5;6353;1;2023-09-11 12:31:41
L02T5;3074;1;2023-09-11 18:11:10
L02T5;3138;1;2023-09-16 17:33:41
L02T5;1289;1;2023-09-15 05:40:26
L02T5;3909;1;2023-09-18 02:21:57
L02T5;9726;1;2023-09-17 18:09:58
L02T5;3040;1;2023-09-15 11:09:28
L02T5;6098;1;2023-09-11 16:38:46
L02T5;2630;1;2023-09-11 19:08:50
L02T5;6285;1;2023-09-17 12:11:26
L02T5;3952;1;2023-09-14 11:14:15
L02T5;517;1;2023-09-18 00:04:29
L02T5;3038;1;2023-09-17 20:19:16
L02T5;6549;1;2023-09-14 15:25:50
L02T5;8830;1;2023-09-17 20:02:13
L02T5;6882;1;2023-09-17 10:14:43
L02T5;3505;1;2023-09-15 12:53:53
L02T5;7197;1;2023-09-11 14:02:53
L02T5;4310;1;2023-09-15 16:10:03
L02T5;3423;1;2023-09-14 12:10:33
L02T5;5670;1;2023-09-13 12:51:34
L02T5;1382;1;2023-09-17 18:54:37
L02T5;8752;1;2023-09-13 16:52:04
L02T5;3597;1;2023-09-13 11:10:38
